pair,side,entry_time,entry_price,avg_entry,exit_time,exit_price,reason,layers,lots,pnl_usd,hold_bars
GBPCHF,SHORT,2026-09-11 12:00:00,1.100975,1.102620748677713,2026-09-15 08:00:00,1.1007132486777131,TP,2,0.0244,5.62,11
GBPCAD,SHORT,2026-09-14 20:00:00,1.8783641712372754,1.8783641712372754,2026-09-15 08:00:00,1.8755321712372754,TP,1,0.0111,2.23,3
GBPNZD,SHORT,2026-09-08 04:00:00,2.3106500000000003,2.319525701882843,2026-09-15 04:00:00,2.3401297018828426,SL,3,0.0377,-44.82,30
AUDCAD,LONG,2026-09-14 12:00:00,0.9894921112923694,0.9894921112923694,2026-09-14 16:00:00,0.9916541112923695,TP,1,0.0211,3.22,1
CADCHF,SHORT,2026-08-31 16:00:00,0.583045,0.5850499419698831,2026-09-14 16:00:00,0.5866188561960414,TP,3,0.0708,-13.83,60
NZDUSD,LONG,2026-09-08 04:00:00,0.5856496436788766,0.5842533551988885,2026-09-14 12:00:00,0.5765563551988885,SL,2,0.0564,-43.55,26
EURCHF,SHORT,2026-09-10 12:00:00,0.94341,0.9445930240518061,2026-09-14 12:00:00,0.9431340240518061,TP,2,0.0284,4.99,12
EURAUD,SHORT,2026-09-14 00:00:00,1.6213995559179994,1.6213995559179994,2026-09-14 04:00:00,1.6186295559179995,TP,1,0.0129,2.53,1
AUDCHF,SHORT,2026-09-11 12:00:00,0.5849599999999999,0.5849599999999999,2026-09-14 00:00:00,0.5837509999999999,TP,1,0.0209,3.03,3
GBPCAD,SHORT,2026-09-11 16:00:00,1.8771570015896963,1.8771570015896963,2026-09-11 20:00:00,1.8741640015896963,TP,1,0.0111,2.36,1
AUDUSD,LONG,2026-09-10 12:00:00,0.716505,0.716505,2026-09-11 12:00:00,0.718162,TP,1,0.0209,3.41,6
EURAUD,SHORT,2026-09-10 16:00:00,1.6212499999999999,1.6212499999999999,2026-09-11 08:00:00,1.618725,TP,1,0.0129,2.3,4
AUDCAD,LONG,2026-09-10 12:00:00,0.99054,0.99054,2026-09-11 08:00:00,0.992332,TP,1,0.0209,2.65,5
AUDCHF,SHORT,2026-09-10 12:00:00,0.5845162066799782,0.5845162066799782,2026-09-10 16:00:00,0.5833702066799782,TP,1,0.0209,2.89,1
GBPCAD,LONG,2026-09-10 12:00:00,1.8668822691637694,1.8668822691637694,2026-09-10 16:00:00,1.8694322691637695,TP,1,0.0111,2.02,1
EURAUD,LONG,2026-09-03 20:00:00,1.61456,1.6122476931168062,2026-09-10 12:00:00,1.614336693116806,TP,2,0.0284,4.16,28
EURCHF,SHORT,2026-09-09 16:00:00,0.9424879414422813,0.9424879414422813,2026-09-10 08:00:00,0.9411849414422814,TP,1,0.0129,2.03,4
AUDUSD,SHORT,2026-09-04 16:00:00,0.721015,0.7222154632037823,2026-09-10 04:00:00,0.7208964632037822,TP,2,0.0457,5.89,21
AUDCHF,SHORT,2026-09-09 16:00:00,0.5847399999999999,0.5847399999999999,2026-09-10 04:00:00,0.5836669999999999,TP,1,0.0208,2.69,3
GBPCAD,LONG,2026-09-02 12:00:00,1.875245,1.8700782282764885,2026-09-10 04:00:00,1.8715651378987772,TP,3,0.0378,3.96,34
AUDCHF,SHORT,2026-09-09 04:00:00,0.5846699999999999,0.5846699999999999,2026-09-09 12:00:00,0.5836675,TP,1,0.0207,2.51,2
USDNOK,LONG,2026-09-03 12:00:00,9.29984798654991,9.281041259277183,2026-09-09 08:00:00,9.195224759277183,SL,2,0.033,-30.83,23
AUDCHF,SHORT,2026-09-07 12:00:00,0.58373,0.5847034430575808,2026-09-09 00:00:00,0.5836134430575809,TP,2,0.0457,6.02,9
EURCHF,SHORT,2026-09-08 08:00:00,0.9424699999999999,0.9424699999999999,2026-09-08 16:00:00,0.9410704999999999,TP,1,0.0129,2.2,2
GBPCHF,SHORT,2026-09-08 12:00:00,1.0988195863404207,1.0988195863404207,2026-09-08 16:00:00,1.0968750863404206,TP,1,0.0111,2.63,1
AUDCAD,SHORT,2026-09-04 12:00:00,0.9974200000000001,0.9974200000000001,2026-09-08 04:00:00,0.995587,TP,1,0.0209,2.71,10
AUDCHF,SHORT,2026-08-26 04:00:00,0.57668,0.5788170737057853,2026-09-07 08:00:00,0.5843030737057854,SL,3,0.0711,-48.42,49
AUDUSD,SHORT,2026-09-03 20:00:00,0.720035,0.720035,2026-09-04 12:00:00,0.7183164999999999,TP,1,0.0208,3.52,4
EURAUD,LONG,2026-09-03 12:00:00,1.61369,1.61369,2026-09-03 16:00:00,1.6167745,TP,1,0.0129,2.83,1
GBPCHF,LONG,2026-09-03 08:00:00,1.0915523969713776,1.0915523969713776,2026-09-03 16:00:00,1.0935533969713775,TP,1,0.0111,2.73,2
AUDUSD,SHORT,2026-09-03 12:00:00,0.7204550000000001,0.7204550000000001,2026-09-03 16:00:00,0.718786,TP,1,0.0208,3.41,1
NZDUSD,LONG,2026-09-03 08:00:00,0.5863750000000001,0.5863750000000001,2026-09-03 16:00:00,0.5884400000000001,TP,1,0.0256,5.21,2
USDNOK,LONG,2026-09-03 04:00:00,9.300608858815625,9.300608858815625,2026-09-03 08:00:00,9.319930858815624,TP,1,0.015,3.07,1
EURCHF,SHORT,2026-08-31 16:00:00,0.9392752666760387,0.9402626384571986,2026-09-03 08:00:00,0.9389866384571987,TP,2,0.0284,4.4,16
EURAUD,LONG,2026-09-02 16:00:00,1.61656,1.61656,2026-09-03 08:00:00,1.6195205,TP,1,0.0129,2.71,4
GBPNZD,SHORT,2026-09-02 20:00:00,2.3068814361558045,2.3068814361558045,2026-09-03 04:00:00,2.3005529361558046,TP,1,0.0111,4.1,2
NZDUSD,LONG,2026-09-02 16:00:00,0.584565,0.584565,2026-09-03 04:00:00,0.5865189999999999,TP,1,0.0257,4.94,3
AUDCAD,SHORT,2026-09-02 16:00:00,0.996012082950538,0.996012082950538,2026-09-02 20:00:00,0.994079582950538,TP,1,0.0209,2.86,1
AUDUSD,LONG,2026-09-02 12:00:00,0.7122448290421635,0.7122448290421635,2026-09-02 16:00:00,0.7138653290421635,TP,1,0.021,3.34,1
GBPNZD,SHORT,2026-09-02 12:00:00,2.31467,2.31467,2026-09-02 16:00:00,2.308192,TP,1,0.0111,4.18,1
NZDCHF,LONG,2026-09-02 04:00:00,0.474115,0.474115,2026-09-02 16:00:00,0.4754315,TP,1,0.0257,4.09,3
NZDCAD,LONG,2026-09-02 08:00:00,0.809555,0.809555,2026-09-02 12:00:00,0.8117115,TP,1,0.0258,3.92,1
NZDUSD,LONG,2026-09-02 08:00:00,0.580925,0.580925,2026-09-02 12:00:00,0.5828175,TP,1,0.0258,4.81,1
GBPCHF,SHORT,2026-09-02 08:00:00,1.099975,1.099975,2026-09-02 12:00:00,1.0980675,TP,1,0.0111,2.57,1
GBPCAD,LONG,2026-09-01 20:00:00,1.8775445772482213,1.8775445772482213,2026-09-02 08:00:00,1.8796755772482212,TP,1,0.0111,1.66,3
GBPNZD,SHORT,2026-09-02 04:00:00,2.31497,2.31497,2026-09-02 08:00:00,2.3095305,TP,1,0.0111,3.48,1
EURAUD,LONG,2026-08-26 04:00:00,1.62491,1.6229216752482092,2026-09-02 08:00:00,1.6242255718031666,TP,2,0.0283,2.55,31
NZDUSD,LONG,2026-09-01 04:00:00,0.590589205697788,0.590589205697788,2026-09-02 04:00:00,0.5846462056977879,SL,1,0.0254,-15.17,6
NZDCAD,LONG,2026-08-31 16:00:00,0.8197192075505714,0.8197192075505714,2026-09-02 04:00:00,0.8127342075505715,SL,1,0.0253,-12.79,9
GBPCHF,SHORT,2026-09-01 16:00:00,1.097874681313176,1.097874681313176,2026-09-02 00:00:00,1.0960901813131758,TP,1,0.0111,2.4,2
AUDCAD,SHORT,2026-09-01 16:00:00,0.9951157284868987,0.9951157284868987,2026-09-01 20:00:00,0.9935517284868987,TP,1,0.021,2.3,1
GBPCAD,LONG,2026-08-31 16:00:00,1.877805,1.877805,2026-09-01 16:00:00,1.8798385,TP,1,0.0111,1.59,6
GBPNZD,SHORT,2026-09-01 08:00:00,2.2970200000000003,2.2970200000000003,2026-09-01 12:00:00,2.2927985,TP,1,0.0111,2.73,1
NZDUSD,LONG,2026-08-28 16:00:00,0.590925,0.590925,2026-09-01 00:00:00,0.59228,TP,1,0.0254,3.36,8
AUDCAD,SHORT,2026-08-28 20:00:00,0.99567,0.99567,2026-08-31 12:00:00,0.9942125,TP,1,0.0209,2.14,4
AUDCAD,SHORT,2026-08-21 16:00:00,0.9876385069455679,0.9913192450326243,2026-08-28 16:00:00,0.9978232450326242,SL,3,0.0711,-33.49,30
GBPNZD,LONG,2026-08-27 12:00:00,2.2820482712648826,2.2820482712648826,2026-08-28 16:00:00,2.2858602712648826,TP,1,0.0111,2.46,7
AUDUSD,SHORT,2026-08-28 08:00:00,0.719325,0.719325,2026-08-28 16:00:00,0.7180544999999999,TP,1,0.0209,2.59,2
NZDCAD,SHORT,2026-08-21 16:00:00,0.823205,0.824647409003744,2026-08-28 12:00:00,0.823225697662434,TP,2,0.0553,5.51,29
NZDCHF,SHORT,2026-08-28 04:00:00,0.4797939148832302,0.4797939148832302,2026-08-28 08:00:00,0.47883191488323024,TP,1,0.0252,2.94,1
AUDUSD,SHORT,2026-08-20 16:00:00,0.7119166947212163,0.7150066349892602,2026-08-28 04:00:00,0.7204296349892603,SL,3,0.0713,-38.88,33
NZDCHF,SHORT,2026-08-27 04:00:00,0.47952893905476146,0.47952893905476146,2026-08-27 12:00:00,0.4786264390547615,TP,1,0.0252,2.75,2
EURCHF,SHORT,2026-08-26 16:00:00,0.9387512781623707,0.9387512781623707,2026-08-27 12:00:00,0.9376582781623707,TP,1,0.0129,1.71,5
GBPNZD,LONG,2026-08-27 04:00:00,2.2823569710787006,2.2823569710787006,2026-08-27 08:00:00,2.286269971078701,TP,1,0.011,2.53,1
NZDUSD,SHORT,2026-08-19 16:00:00,0.593255,0.5945998876907989,2026-08-26 16:00:00,0.5936699837313496,TP,2,0.0555,5.0,30
GBPCAD,SHORT,2026-08-25 20:00:00,1.8889449999999999,1.8889449999999999,2026-08-26 16:00:00,1.885955,TP,1,0.011,2.33,5
CADCHF,LONG,2026-08-26 00:00:00,0.5787285312525015,0.5787285312525015,2026-08-26 08:00:00,0.5798125312525014,TP,1,0.0208,2.74,2
GBPNZD,LONG,2026-08-25 16:00:00,2.283247004328138,2.283247004328138,2026-08-26 04:00:00,2.2870800043281383,TP,1,0.011,2.48,3
GBPCAD,SHORT,2026-08-24 08:00:00,1.8861607285438051,1.8884533955728444,2026-08-25 16:00:00,1.8855873955728446,TP,2,0.0242,4.94,8
GBPNZD,LONG,2026-08-21 04:00:00,2.28645,2.28645,2026-08-25 08:00:00,2.2905675,TP,1,0.011,2.66,13
EURAUD,LONG,2026-08-21 16:00:00,1.6287200000000002,1.6287200000000002,2026-08-24 16:00:00,1.631475,TP,1,0.0128,2.49,6
NZDCHF,SHORT,2026-08-21 16:00:00,0.47908977831937954,0.47908977831937954,2026-08-24 04:00:00,0.4778807783193796,TP,1,0.0251,3.71,3
EURAUD,SHORT,2026-08-19 04:00:00,1.6380199999999998,1.640174826750872,2026-08-21 04:00:00,1.6375073267508722,TP,2,0.0284,5.32,12
AUDCHF,LONG,2026-08-19 16:00:00,0.5693600000000001,0.5680890295622042,2026-08-21 00:00:00,0.5695595295622041,TP,2,0.0464,8.38,8
CADCHF,LONG,2026-08-20 16:00:00,0.5789717037667462,0.5789717037667462,2026-08-20 20:00:00,0.5804392037667463,TP,1,0.0207,3.73,1
EURCHF,LONG,2026-08-20 04:00:00,0.9336559449212853,0.9322746129900004,2026-08-20 16:00:00,0.9340446129900003,TP,2,0.0283,6.16,3
AUDCAD,LONG,2026-08-20 12:00:00,0.9801769159358085,0.9801769159358085,2026-08-20 16:00:00,0.9821609159358086,TP,1,0.0211,2.97,1
GBPCHF,LONG,2026-08-20 08:00:00,1.087815,1.087815,2026-08-20 16:00:00,1.090428,TP,1,0.011,3.56,2
AUDUSD,SHORT,2026-08-20 08:00:00,0.712375,0.712375,2026-08-20 12:00:00,0.710653,TP,1,0.0211,3.56,1
CADCHF,LONG,2026-08-19 16:00:00,0.5787249999999999,0.5787249999999999,2026-08-20 12:00:00,0.580127,TP,1,0.0207,3.58,5
GBPNZD,LONG,2026-08-20 04:00:00,2.28654,2.28654,2026-08-20 12:00:00,2.29123,TP,1,0.011,3.04,2
NZDCHF,LONG,2026-08-19 16:00:00,0.47425500000000004,0.4732772097593559,2026-08-20 04:00:00,0.4745317097593559,TP,2,0.0556,8.55,3
AUDUSD,SHORT,2026-08-19 16:00:00,0.712245,0.712245,2026-08-20 04:00:00,0.7106,TP,1,0.0211,3.4,3
GBPCHF,LONG,2026-08-19 16:00:00,1.087925,1.0860444431511411,2026-08-20 04:00:00,1.0884659431511412,TP,2,0.0243,7.27,3
EURCHF,LONG,2026-08-19 20:00:00,0.93101,0.93101,2026-08-20 00:00:00,0.9326525,TP,1,0.0128,2.6,1
GBPNZD,SHORT,2026-08-18 16:00:00,2.304945242357701,2.304945242357701,2026-08-19 16:00:00,2.300960742357701,TP,1,0.0111,2.59,6
EURCHF,SHORT,2026-08-11 08:00:00,0.9356948989060696,0.9379677817309316,2026-08-19 16:00:00,0.9377270061943018,TP,3,0.0442,1.2,38
AUDCAD,LONG,2026-08-19 04:00:00,0.9815894601142995,0.9815894601142995,2026-08-19 12:00:00,0.9832269601142996,TP,1,0.0212,2.44,2
CADCHF,SHORT,2026-08-10 12:00:00,0.5802885415936395,0.5824703364412958,2026-08-19 12:00:00,0.5829835362088227,TP,3,0.0711,-4.73,42
NZDCAD,LONG,2026-08-19 00:00:00,0.814835,0.814835,2026-08-19 12:00:00,0.8165135,TP,1,0.0256,3.02,3
GBPCHF,SHORT,2026-08-10 16:00:00,1.094025,1.0955423976186665,2026-08-19 12:00:00,1.096458053749369,TP,2,0.0244,-2.85,41
AUDCHF,SHORT,2026-08-10 00:00:00,0.5712004583682093,0.5732900551490964,2026-08-19 04:00:00,0.5739176277811782,TP,3,0.0722,-5.8,43
AUDUSD,SHORT,2026-08-14 12:00:00,0.708065,0.7091954596278071,2026-08-19 00:00:00,0.707781959627807,TP,2,0.0465,6.44,15
EURAUD,LONG,2026-08-17 04:00:00,1.63132,1.6297653661816576,2026-08-18 16:00:00,1.6316443661816575,TP,2,0.0285,3.71,9
NZDCAD,LONG,2026-08-18 08:00:00,0.8151063357903198,0.8151063357903198,2026-08-18 16:00:00,0.8168003357903197,TP,1,0.0255,3.03,2
GBPCAD,LONG,2026-08-18 08:00:00,1.8764781408563753,1.8764781408563753,2026-08-18 16:00:00,1.8788271408563753,TP,1,0.0111,1.84,2
NZDUSD,SHORT,2026-08-14 12:00:00,0.5895697651475699,0.5908792684091223,2026-08-18 04:00:00,0.5893987684091223,TP,2,0.0559,8.1,10
NZDCHF,SHORT,2026-08-14 08:00:00,0.477975,0.47878855193811126,2026-08-18 04:00:00,0.4776820519381113,TP,2,0.056,7.46,11
AUDCAD,SHORT,2026-08-17 08:00:00,0.9870485267726561,0.9870485267726561,2026-08-17 16:00:00,0.985511526772656,TP,1,0.0211,2.27,2
GBPNZD,LONG,2026-08-17 08:00:00,2.2892799999999998,2.2892799999999998,2026-08-17 16:00:00,2.293271,TP,1,0.0111,2.58,2
GBPCAD,LONG,2026-08-13 16:00:00,1.878575,1.878575,2026-08-17 16:00:00,1.8807820000000002,TP,1,0.0111,1.74,12
NZDCAD,LONG,2026-08-11 20:00:00,0.818127443172811,0.8167930959879618,2026-08-17 00:00:00,0.8183945959879618,TP,2,0.0564,6.34,19
GBPNZD,SHORT,2026-08-12 04:00:00,2.3019917726600263,2.3054037184544756,2026-08-14 04:00:00,2.3010942184544754,TP,2,0.0244,6.11,12
NZDUSD,LONG,2026-08-13 04:00:00,0.583165,0.583165,2026-08-13 12:00:00,0.5846615,TP,1,0.0257,3.77,2
EURAUD,LONG,2026-08-12 12:00:00,1.6309200000000001,1.6309200000000001,2026-08-13 04:00:00,1.633154,TP,1,0.013,2.0,4
AUDUSD,SHORT,2026-08-11 12:00:00,0.7063550000000001,0.7075297236665588,2026-08-13 00:00:00,0.7061002236665588,TP,2,0.0466,6.53,9
GBPCAD,LONG,2026-08-11 16:00:00,1.8795250000000001,1.8795250000000001,2026-08-12 08:00:00,1.8817295,TP,1,0.0111,1.72,4
NZDCHF,SHORT,2026-08-11 20:00:00,0.47739501609804036,0.47739501609804036,2026-08-12 04:00:00,0.4764940160980404,TP,1,0.0255,2.75,2
NZDUSD,SHORT,2026-07-30 12:00:00,0.5834649999999999,0.5865242205081256,2026-08-12 04:00:00,0.5869541710329416,TP,3,0.0869,-4.0,52
EURAUD,LONG,2026-08-11 16:00:00,1.6326763827606856,1.6326763827606856,2026-08-11 20:00:00,1.6349758827606855,TP,1,0.013,2.07,1
AUDCAD,LONG,2026-08-11 04:00:00,0.98213,0.98213,2026-08-11 12:00:00,0.983835,TP,1,0.0213,2.54,2
NZDCAD,LONG,2026-08-11 08:00:00,0.818245,0.818245,2026-08-11 12:00:00,0.8198255,TP,1,0.0255,2.82,1
NZDCHF,SHORT,2026-08-11 04:00:00,0.47734499999999996,0.47734499999999996,2026-08-11 08:00:00,0.476404,TP,1,0.0255,2.88,1
AUDUSD,SHORT,2026-08-10 20:00:00,0.7059812839253234,0.7059812839253234,2026-08-11 04:00:00,0.7046412839253234,TP,1,0.0213,2.79,2
AUDUSD,SHORT,2026-08-07 12:00:00,0.706785,0.706785,2026-08-10 16:00:00,0.705379,TP,1,0.0212,2.92,7
USDNOK,LONG,2026-08-07 12:00:00,9.4831225,9.4831225,2026-08-10 08:00:00,9.508542,TP,1,0.015,3.97,5
GBPCAD,LONG,2026-08-07 16:00:00,1.8802175891473958,1.8802175891473958,2026-08-10 04:00:00,1.8827615891473957,TP,1,0.0111,1.99,3
CADCHF,SHORT,2026-08-07 16:00:00,0.5798556344241912,0.5798556344241912,2026-08-10 00:00:00,0.5786941344241912,TP,1,0.0209,2.94,2
CADCHF,SHORT,2026-08-06 16:00:00,0.5793250000000001,0.5793250000000001,2026-08-07 12:00:00,0.5781805000000001,TP,1,0.021,2.92,5
AUDCHF,SHORT,2026-08-06 16:00:00,0.5711499999999999,0.5711499999999999,2026-08-07 12:00:00,0.5701305,TP,1,0.0213,2.63,5
EURCHF,SHORT,2026-08-06 12:00:00,0.9343899999999999,0.9354043141245841,2026-08-07 12:00:00,0.9340868141245842,TP,2,0.0286,4.59,6
NZDCHF,SHORT,2026-08-06 12:00:00,0.47622025100774346,0.47622025100774346,2026-08-07 12:00:00,0.47533425100774346,TP,1,0.0255,2.72,6
GBPCHF,SHORT,2026-08-06 16:00:00,1.093025,1.093025,2026-08-07 08:00:00,1.0911624999999998,TP,1,0.0111,2.53,4
NZDCAD,SHORT,2026-07-30 12:00:00,0.8201861393192464,0.8240314307315324,2026-08-06 16:00:00,0.8224189307315324,TP,3,0.0869,9.73,31
AUDUSD,SHORT,2026-08-04 16:00:00,0.7038944423172542,0.7038944423172542,2026-08-06 16:00:00,0.7024089423172541,TP,1,0.0213,3.1,12
USDNOK,LONG,2026-08-05 12:00:00,9.5039625,9.5039625,2026-08-06 04:00:00,9.535495,TP,1,0.015,4.91,4
AUDCAD,SHORT,2026-08-04 12:00:00,0.9890000000000001,0.9906176136580227,2026-08-05 16:00:00,0.9886816136580227,TP,2,0.0469,6.33,7
GBPCAD,SHORT,2026-08-04 12:00:00,1.890295,1.892858351432776,2026-08-05 16:00:00,1.889667851432776,TP,2,0.0245,5.51,7
EURCHF,SHORT,2026-08-05 08:00:00,0.93412,0.93412,2026-08-05 16:00:00,0.932702,TP,1,0.013,2.24,2
CADCHF,LONG,2026-08-05 04:00:00,0.574325,0.574325,2026-08-05 12:00:00,0.575638,TP,1,0.0211,3.36,2
GBPNZD,LONG,2026-07-30 12:00:00,2.2915799999999997,2.287852819331498,2026-08-05 08:00:00,2.292576819331498,TP,2,0.0246,6.74,23
NZDCHF,SHORT,2026-07-31 12:00:00,0.4751616936460829,0.47607794026365563,2026-08-05 04:00:00,0.47503244026365565,TP,2,0.0562,7.1,16
USDNOK,LONG,2026-07-29 20:00:00,9.590920994680761,9.526241483985576,2026-08-04 16:00:00,9.561638483985575,TP,3,0.051,18.75,23
EURAUD,SHORT,2026-08-03 12:00:00,1.64716,1.64716,2026-08-03 16:00:00,1.6435335,TP,1,0.013,3.26,1
GBPCAD,SHORT,2026-07-31 20:00:00,1.890275,1.890275,2026-08-03 16:00:00,1.886667,TP,1,0.0111,2.82,5
AUDUSD,SHORT,2026-07-31 20:00:00,0.704005,0.704005,2026-08-03 08:00:00,0.70166,TP,1,0.0213,4.93,3
GBPCAD,SHORT,2026-07-30 16:00:00,1.8856047356395818,1.8856047356395818,2026-07-31 16:00:00,1.882408235639582,TP,1,0.0111,2.5,6
AUDUSD,SHORT,2026-07-30 16:00:00,0.702635,0.702635,2026-07-31 16:00:00,0.7004205,TP,1,0.0213,4.66,6
CADCHF,LONG,2026-07-30 16:00:00,0.575055,0.575055,2026-07-31 12:00:00,0.5764975,TP,1,0.021,3.67,5
GBPCHF,LONG,2026-07-30 16:00:00,1.0830868297504654,1.0830868297504654,2026-07-31 08:00:00,1.0855463297504655,TP,1,0.0111,3.37,4
AUDCHF,LONG,2026-07-30 16:00:00,0.56542,0.56542,2026-07-31 04:00:00,0.567045,TP,1,0.0213,4.23,3
EURAUD,SHORT,2026-07-29 04:00:00,1.63981,1.6424692480843273,2026-07-31 00:00:00,1.6387157480843273,TP,2,0.0289,7.53,11
NZDCHF,SHORT,2026-07-30 08:00:00,0.474915,0.474915,2026-07-30 16:00:00,0.4737775,TP,1,0.0258,3.57,2
EURCHF,SHORT,2026-07-29 12:00:00,0.93265,0.933817820531636,2026-07-30 12:00:00,0.932411320531636,TP,2,0.0289,4.91,6
AUDCAD,LONG,2026-07-30 00:00:00,0.97686,0.97686,2026-07-30 12:00:00,0.9789559999999999,TP,1,0.0216,3.15,3
GBPCAD,LONG,2026-07-27 12:00:00,1.878335,1.8762028953405279,2026-07-30 12:00:00,1.8789453953405277,TP,2,0.0248,4.76,18
AUDCHF,LONG,2026-07-29 20:00:00,0.5658500000000001,0.5658500000000001,2026-07-30 04:00:00,0.567257,TP,1,0.0216,3.66,2
NZDCHF,SHORT,2026-07-29 20:00:00,0.4741282482884279,0.4741282482884279,2026-07-30 00:00:00,0.47310824828842796,TP,1,0.0259,3.16,1
AUDCAD,LONG,2026-07-29 04:00:00,0.9796199999999999,0.9781343147710129,2026-07-29 20:00:00,0.9799973147710129,TP,2,0.0476,6.16,4
CADCHF,SHORT,2026-07-27 16:00:00,0.579585,0.5804457633112198,2026-07-29 20:00:00,0.5793697633112197,TP,2,0.0466,6.02,13
AUDUSD,LONG,2026-07-29 04:00:00,0.6952182404128676,0.6938411339444104,2026-07-29 20:00:00,0.6955781339444104,TP,2,0.0476,8.12,4
NZDCAD,LONG,2026-07-29 12:00:00,0.8134208613549501,0.8134208613549501,2026-07-29 20:00:00,0.81508386135495,TP,1,0.026,3.0,2
NZDUSD,LONG,2026-07-29 16:00:00,0.5764366948885792,0.5764366948885792,2026-07-29 20:00:00,0.5779501948885791,TP,1,0.026,3.86,1
EURCHF,SHORT,2026-07-21 16:00:00,0.9266,0.9286444799587579,2026-07-29 08:00:00,0.933578479958758,SL,3,0.0447,-27.06,34
NZDCHF,SHORT,2026-07-28 16:00:00,0.47377165528019727,0.47377165528019727,2026-07-29 04:00:00,0.4728576552801973,TP,1,0.0259,2.82,3
AUDCHF,SHORT,2026-07-20 12:00:00,0.5665199999999999,0.568793362682016,2026-07-29 04:00:00,0.5689298947586825,TP,3,0.0727,-1.43,40
GBPNZD,LONG,2026-07-28 16:00:00,2.29587,2.29587,2026-07-29 04:00:00,2.2997665,TP,1,0.0113,2.51,3
NZDUSD,LONG,2026-07-28 00:00:00,0.5770019317272747,0.5770019317272747,2026-07-28 16:00:00,0.5786234317272746,TP,1,0.026,4.13,4
EURAUD,LONG,2026-07-20 04:00:00,1.635574090147302,1.6332279153311475,2026-07-28 08:00:00,1.6321176034679588,TP,2,0.0289,-2.32,37
AUDCAD,SHORT,2026-07-27 08:00:00,0.9874271207266402,0.9874271207266402,2026-07-28 04:00:00,0.9856856207266401,TP,1,0.0214,2.58,5
NZDCHF,SHORT,2026-07-27 16:00:00,0.4734956533262223,0.4734956533262223,2026-07-28 00:00:00,0.47260365332622234,TP,1,0.0259,2.75,2
CADCHF,SHORT,2026-07-22 16:00:00,0.577775,0.5784905070583451,2026-07-27 12:00:00,0.5775315070583451,TP,2,0.0465,5.32,17
USDNOK,LONG,2026-07-21 08:00:00,9.640432500000001,9.591133339572194,2026-07-27 08:00:00,9.615560339572193,TP,3,0.051,12.76,24
GBPCAD,LONG,2026-07-23 04:00:00,1.8825120516206166,1.8798895137059293,2026-07-27 08:00:00,1.8824940137059292,TP,2,0.0247,4.49,13
GBPNZD,LONG,2026-07-27 00:00:00,2.2978059096216534,2.2978059096216534,2026-07-27 04:00:00,2.3016564096216534,TP,1,0.0112,2.47,1
NZDCHF,SHORT,2026-07-24 12:00:00,0.4731440403451303,0.4731440403451303,2026-07-27 04:00:00,0.4722275403451303,TP,1,0.026,2.84,4
GBPCHF,SHORT,2026-07-24 20:00:00,1.0903492970688253,1.0903492970688253,2026-07-27 00:00:00,1.0887322970688253,TP,1,0.0113,2.2,1
NZDUSD,LONG,2026-07-23 12:00:00,0.577845,0.577845,2026-07-24 16:00:00,0.57931,TP,1,0.026,3.73,7
NZDCAD,LONG,2026-07-23 12:00:00,0.813695,0.813695,2026-07-24 16:00:00,0.8154199999999999,TP,1,0.026,3.1,7
GBPCHF,SHORT,2026-07-22 20:00:00,1.08949834066965,1.08949834066965,2026-07-23 16:00:00,1.0877618406696499,TP,1,0.0112,2.35,5
AUDUSD,SHORT,2026-07-23 04:00:00,0.701505,0.701505,2026-07-23 08:00:00,0.6999475000000001,TP,1,0.0214,3.27,1
NZDCHF,SHORT,2026-07-22 16:00:00,0.47368499999999997,0.47368499999999997,2026-07-23 08:00:00,0.472599,TP,1,0.0258,3.36,4
GBPNZD,LONG,2026-07-16 12:00:00,2.3088858554048493,2.299185946948197,2026-07-23 08:00:00,2.3034459469481967,TP,3,0.0379,9.24,29
AUDCAD,SHORT,2026-07-23 04:00:00,0.9873355029335792,0.9873355029335792,2026-07-23 08:00:00,0.9853640029335792,TP,1,0.0214,2.93,1
GBPCAD,LONG,2026-07-22 12:00:00,1.8824450000000001,1.8824450000000001,2026-07-22 16:00:00,1.8856855000000001,TP,1,0.0112,2.55,1
CADCHF,SHORT,2026-07-10 12:00:00,0.5707904688606674,0.5728668784062003,2026-07-22 12:00:00,0.5767058784062002,SL,3,0.0721,-34.29,48
AUDCAD,SHORT,2026-07-21 00:00:00,0.985519680174167,0.9870399695620953,2026-07-22 12:00:00,0.9851399695620953,TP,2,0.0471,6.21,9
NZDCAD,SHORT,2026-07-20 04:00:00,0.820365,0.8218601548236346,2026-07-22 08:00:00,0.8198976548236346,TP,2,0.0563,7.67,13
NZDUSD,SHORT,2026-07-14 16:00:00,0.5811949999999999,0.582456672948007,2026-07-22 08:00:00,0.5814228582056069,TP,2,0.0565,5.67,34
AUDUSD,SHORT,2026-07-20 04:00:00,0.6996781971023466,0.7009263193583386,2026-07-22 08:00:00,0.6993843193583386,TP,2,0.0471,7.12,13
NZDCHF,SHORT,2026-07-21 16:00:00,0.47373499999999996,0.47373499999999996,2026-07-22 08:00:00,0.4725445,TP,1,0.0257,3.69,4
GBPCAD,LONG,2026-07-21 12:00:00,1.884094497960207,1.884094497960207,2026-07-21 20:00:00,1.887467997960207,TP,1,0.0112,2.64,2
GBPCHF,SHORT,2026-07-21 04:00:00,1.0890967702501695,1.0890967702501695,2026-07-21 12:00:00,1.0872942702501693,TP,1,0.0112,2.45,2
NZDCHF,SHORT,2026-07-21 04:00:00,0.47501499999999997,0.47501499999999997,2026-07-21 12:00:00,0.4738325,TP,1,0.0256,3.65,2
NZDCHF,SHORT,2026-07-13 16:00:00,0.46824499999999997,0.4703442662205756,2026-07-21 00:00:00,0.47485926622057567,SL,3,0.0881,-49.32,32
GBPCHF,SHORT,2026-07-20 16:00:00,1.0890994837733872,1.0890994837733872,2026-07-21 00:00:00,1.0869694837733872,TP,1,0.0112,2.9,2
USDNOK,LONG,2026-07-20 04:00:00,9.6296025,9.6296025,2026-07-20 12:00:00,9.6608355,TP,1,0.015,4.8,2
AUDCAD,LONG,2026-07-17 08:00:00,0.9783799999999999,0.9783799999999999,2026-07-20 08:00:00,0.9801394999999999,TP,1,0.0215,2.63,6
GBPCAD,LONG,2026-07-17 12:00:00,1.8837983851091473,1.8837983851091473,2026-07-20 08:00:00,1.8873303851091472,TP,1,0.0112,2.78,5
USDNOK,LONG,2026-07-15 16:00:00,9.668532500000001,9.668532500000001,2026-07-20 00:00:00,9.6972725,TP,1,0.015,4.43,14
EURAUD,LONG,2026-07-14 12:00:00,1.6411898465838342,1.6388759247405085,2026-07-17 12:00:00,1.6416166319348429,TP,2,0.0288,5.42,18
AUDUSD,SHORT,2026-07-14 12:00:00,0.6969150000000001,0.6984230227894033,2026-07-17 12:00:00,0.6966520227894033,TP,2,0.0473,8.23,18
NZDCAD,SHORT,2026-07-15 00:00:00,0.817655,0.8195757249688752,2026-07-17 12:00:00,0.8175742249688752,TP,2,0.0565,7.9,15
AUDCHF,SHORT,2026-07-10 16:00:00,0.5616,0.5638320012619028,2026-07-17 08:00:00,0.5627262267770999,TP,3,0.0733,9.83,28
GBPCHF,SHORT,2026-07-15 20:00:00,1.090135,1.090135,2026-07-17 08:00:00,1.0879015,TP,1,0.0111,3.03,9
GBPCAD,SHORT,2026-07-15 20:00:00,1.900825,1.900825,2026-07-16 12:00:00,1.8970715,TP,1,0.0111,2.93,4
GBPCHF,SHORT,2026-07-10 08:00:00,1.081165,1.0828323718279638,2026-07-15 16:00:00,1.0916753718279637,SL,2,0.0246,-27.05,20
GBPCAD,LONG,2026-07-15 12:00:00,1.884136486628489,1.884136486628489,2026-07-15 16:00:00,1.887635486628489,TP,1,0.0112,2.75,1
GBPCAD,LONG,2026-07-14 16:00:00,1.882455,1.882455,2026-07-15 08:00:00,1.885778,TP,1,0.0112,2.62,4
USDNOK,LONG,2026-07-14 12:00:00,9.6646625,9.6646625,2026-07-15 08:00:00,9.696385,TP,1,0.015,4.85,5
NZDCAD,SHORT,2026-07-14 04:00:00,0.817995,0.8198258331850395,2026-07-14 16:00:00,0.8174048331850395,TP,2,0.0568,9.62,3
EURCHF,SHORT,2026-07-13 08:00:00,0.92421,0.9252164751096085,2026-07-14 16:00:00,0.9239529751096085,TP,2,0.0289,4.43,8
GBPNZD,LONG,2026-07-09 12:00:00,2.33073,2.320653921082997,2026-07-14 12:00:00,2.2983999210829973,SL,3,0.0381,-49.44,18
AUDCAD,LONG,2026-07-13 20:00:00,0.9791599999999999,0.9791599999999999,2026-07-14 12:00:00,0.9808089999999999,TP,1,0.0217,2.48,4
NZDUSD,SHORT,2026-07-09 00:00:00,0.572345,0.5755890993769477,2026-07-14 12:00:00,0.5835700993769477,SL,3,0.0886,-71.01,21
GBPCAD,LONG,2026-07-14 08:00:00,1.884775,1.884775,2026-07-14 12:00:00,1.8880905000000001,TP,1,0.0112,2.61,1
NZDCAD,SHORT,2026-07-09 08:00:00,0.813535,0.8153432766386156,2026-07-14 00:00:00,0.8131532766386156,TP,2,0.0573,8.7,16
NZDCHF,SHORT,2026-07-08 12:00:00,0.4607001837009274,0.46263506327289344,2026-07-13 12:00:00,0.4677220632728935,SL,3,0.089,-56.17,18
EURAUD,LONG,2026-07-10 20:00:00,1.64155,1.64155,2026-07-13 04:00:00,1.6443554999999999,TP,1,0.0131,2.52,2
GBPCAD,SHORT,2026-07-09 16:00:00,1.8995820310509985,1.8995820310509985,2026-07-10 16:00:00,1.8958995310509985,TP,1,0.0112,2.88,6
AUDUSD,SHORT,2026-07-10 04:00:00,0.6964153583982671,0.6964153583982671,2026-07-10 08:00:00,0.694734358398267,TP,1,0.0216,3.56,1
GBPCHF,SHORT,2026-07-08 20:00:00,1.082235,1.082235,2026-07-10 04:00:00,1.0803405000000001,TP,1,0.0112,2.6,8
GBPCAD,SHORT,2026-07-08 20:00:00,1.897474527561519,1.900182121182719,2026-07-09 12:00:00,1.896791121182719,TP,2,0.0246,5.82,4
EURCHF,SHORT,2026-07-08 16:00:00,0.9232462663636689,0.9232462663636689,2026-07-09 08:00:00,0.9221892663636689,TP,1,0.0131,1.68,4
CADCHF,SHORT,2026-07-08 08:00:00,0.5702750000000001,0.5702750000000001,2026-07-09 08:00:00,0.5692865,TP,1,0.0212,2.54,6
GBPNZD,SHORT,2026-07-08 16:00:00,2.34941,2.34941,2026-07-09 00:00:00,2.345091,TP,1,0.0112,2.74,2
GBPCHF,SHORT,2026-07-06 08:00:00,1.0743780226777004,1.075721514640029,2026-07-08 16:00:00,1.082542514640029,SL,2,0.0247,-20.91,14
AUDCAD,LONG,2026-07-08 08:00:00,0.9794299999999999,0.9794299999999999,2026-07-08 12:00:00,0.9814005,TP,1,0.0217,2.95,1
NZDUSD,SHORT,2026-07-08 08:00:00,0.5717081406519673,0.5717081406519673,2026-07-08 12:00:00,0.5703191406519673,TP,1,0.0263,3.58,1
NZDCAD,SHORT,2026-07-08 08:00:00,0.8110033539424819,0.8110033539424819,2026-07-08 12:00:00,0.8092248539424819,TP,1,0.0263,3.22,1
NZDCHF,SHORT,2026-07-08 04:00:00,0.461495,0.461495,2026-07-08 08:00:00,0.4606365,TP,1,0.0263,2.71,1
GBPCAD,SHORT,2026-07-02 12:00:00,1.894115,1.8967286098077352,2026-07-08 08:00:00,1.8939286098077353,TP,2,0.0247,4.81,23
AUDCHF,SHORT,2026-07-08 00:00:00,0.56095,0.56095,2026-07-08 08:00:00,0.5599565,TP,1,0.0216,2.59,2
GBPNZD,SHORT,2026-07-06 04:00:00,2.3446700000000003,2.3479441643080996,2026-07-08 04:00:00,2.3444666643080994,TP,2,0.0247,4.83,12
AUDCAD,SHORT,2026-07-06 08:00:00,0.98623,0.98623,2026-07-07 16:00:00,0.9844825,TP,1,0.0216,2.6,8
NZDCAD,SHORT,2026-07-07 04:00:00,0.8106432926081958,0.8106432926081958,2026-07-07 08:00:00,0.8090852926081957,TP,1,0.0263,2.81,1
EURCHF,LONG,2026-07-01 16:00:00,0.9203475737411663,0.9195777327476331,2026-07-06 16:00:00,0.920756732747633,TP,2,0.0289,4.15,18
CADCHF,LONG,2026-07-02 16:00:00,0.5663349999999999,0.5663349999999999,2026-07-06 16:00:00,0.5673495,TP,1,0.0213,2.61,12
NZDCAD,SHORT,2026-07-03 08:00:00,0.810555,0.810555,2026-07-06 04:00:00,0.8089415,TP,1,0.0262,2.9,5
NZDUSD,SHORT,2026-07-03 08:00:00,0.5719216807753194,0.5719216807753194,2026-07-06 00:00:00,0.5703256807753194,TP,1,0.0262,4.11,4
AUDCHF,LONG,2026-07-02 00:00:00,0.5570877842946012,0.556192392726788,2026-07-03 12:00:00,0.5573768927267879,TP,2,0.0478,6.91,9
GBPNZD,SHORT,2026-07-01 16:00:00,2.33921,2.3427174342753134,2026-07-03 08:00:00,2.3381934342753135,TP,2,0.0248,6.33,10
GBPCHF,SHORT,2026-07-02 16:00:00,1.0739110578616746,1.0739110578616746,2026-07-03 00:00:00,1.0721885578616746,TP,1,0.0112,2.37,2
NZDUSD,SHORT,2026-07-02 12:00:00,0.5710836352363757,0.5710836352363757,2026-07-02 20:00:00,0.5694491352363757,TP,1,0.0263,4.22,2
EURAUD,SHORT,2026-06-23 16:00:00,1.6449399999999998,1.6520077852121429,2026-07-02 16:00:00,1.6492774850704872,TP,3,0.0448,8.33,42
NZDCHF,LONG,2026-07-02 12:00:00,0.4570906960289165,0.4570906960289165,2026-07-02 16:00:00,0.4579761960289165,TP,1,0.0263,2.82,1
NZDCAD,SHORT,2026-07-02 12:00:00,0.8090958964085471,0.8090958964085471,2026-07-02 16:00:00,0.807413396408547,TP,1,0.0263,3.04,1
CADCHF,LONG,2026-07-02 08:00:00,0.5668249999999999,0.5668249999999999,2026-07-02 12:00:00,0.567758,TP,1,0.0213,2.41,1
GBPCHF,SHORT,2026-07-01 08:00:00,1.072575,1.0738634008209713,2026-07-02 12:00:00,1.0722434008209714,TP,2,0.0248,4.93,7
USDNOK,SHORT,2026-06-24 08:00:00,9.825137499999999,9.851010863636363,2026-07-02 12:00:00,9.849010445644415,TP,2,0.033,0.57,37
GBPCAD,SHORT,2026-06-29 12:00:00,1.879505,1.8820116814784387,2026-07-02 08:00:00,1.8951286814784387,SL,2,0.0249,-23.1,17
AUDUSD,LONG,2026-07-01 20:00:00,0.689032415515816,0.689032415515816,2026-07-02 08:00:00,0.690733415515816,TP,1,0.0218,3.64,3
AUDUSD,LONG,2026-07-01 04:00:00,0.689225,0.689225,2026-07-01 16:00:00,0.690874,TP,1,0.0218,3.52,3
AUDCHF,LONG,2026-06-23 16:00:00,0.5604528860720521,0.5593113489792669,2026-07-01 12:00:00,0.5593684945682761,TP,2,0.0478,0.19,35
GBPNZD,SHORT,2026-07-01 04:00:00,2.337437565928172,2.337437565928172,2026-07-01 08:00:00,2.3332800659281716,TP,1,0.0113,2.64,1
GBPCHF,SHORT,2026-06-30 12:00:00,1.071704550189466,1.071704550189466,2026-06-30 16:00:00,1.070038050189466,TP,1,0.0114,2.31,1
GBPNZD,SHORT,2026-06-30 12:00:00,2.3365660959342454,2.3365660959342454,2026-06-30 16:00:00,2.332475595934245,TP,1,0.0114,2.6,1
AUDUSD,LONG,2026-06-29 16:00:00,0.688655,0.688655,2026-06-30 16:00:00,0.690405,TP,1,0.0218,3.75,6
AUDCAD,LONG,2026-06-23 08:00:00,0.9848544797641999,0.9831510252133786,2026-06-30 16:00:00,0.9822740397755301,TP,2,0.0476,-3.08,32
NZDCAD,LONG,2026-06-22 20:00:00,0.808945,0.8052942161516601,2026-06-30 12:00:00,0.8054373288493522,TP,3,0.0899,0.63,34
NZDCHF,LONG,2026-06-23 04:00:00,0.46070333009117476,0.4598658805834784,2026-06-30 04:00:00,0.45592688058347836,SL,2,0.0581,-28.43,30
GBPNZD,SHORT,2026-06-22 12:00:00,2.31421,2.3237375739457096,2026-06-29 00:00:00,2.3426395739457093,SL,3,0.0385,-41.17,27
USDNOK,SHORT,2026-06-17 20:00:00,9.6088575,9.67629238235294,2026-06-24 04:00:00,9.82014888235294,SL,3,0.051,-74.93,26
AUDUSD,LONG,2026-06-18 20:00:00,0.701385,0.6976126466908609,2026-06-24 04:00:00,0.6903096466908609,SL,3,0.0732,-53.66,20
GBPCHF,SHORT,2026-06-23 12:00:00,1.070727026107735,1.070727026107735,2026-06-23 16:00:00,1.068493026107735,TP,1,0.0114,3.1,1
EURCHF,SHORT,2026-06-18 20:00:00,0.9226766745342007,0.9237882521875962,2026-06-23 12:00:00,0.9223574457733013,TP,2,0.0288,5.0,16
NZDUSD,LONG,2026-06-18 08:00:00,0.576825,0.575215812254964,2026-06-23 12:00:00,0.5682088122549639,SL,2,0.0574,-40.41,19
EURAUD,SHORT,2026-06-23 08:00:00,1.6432735847804563,1.6432735847804563,2026-06-23 12:00:00,1.6402070847804564,TP,1,0.0131,2.76,1
AUDCHF,SHORT,2026-06-18 12:00:00,0.56395,0.5649446954162342,2026-06-23 08:00:00,0.5637116954162342,TP,2,0.047,7.02,17
GBPCHF,SHORT,2026-06-22 12:00:00,1.072015,1.072015,2026-06-23 08:00:00,1.06981,TP,1,0.0113,3.05,5
EURAUD,LONG,2026-06-22 16:00:00,1.632122217772188,1.632122217772188,2026-06-23 00:00:00,1.6348762177721878,TP,1,0.0131,2.49,2
AUDCAD,SHORT,2026-06-19 08:00:00,0.9920038372905754,0.9920038372905754,2026-06-23 00:00:00,0.9896863372905753,TP,1,0.0214,3.43,10
GBPCHF,SHORT,2026-06-19 16:00:00,1.0683602528336196,1.0683602528336196,2026-06-22 00:00:00,1.0663787528336195,TP,1,0.0113,2.75,2
GBPNZD,SHORT,2026-06-19 16:00:00,2.3077249024136304,2.3077249024136304,2026-06-19 20:00:00,2.30329990241363,TP,1,0.0113,2.85,1
EURAUD,LONG,2026-06-18 12:00:00,1.6340981600387219,1.6340981600387219,2026-06-19 20:00:00,1.6368206600387218,TP,1,0.0131,2.46,8
CADCHF,SHORT,2026-06-19 04:00:00,0.570905,0.570905,2026-06-19 12:00:00,0.569719,TP,1,0.0212,3.06,2
GBPCAD,LONG,2026-06-19 04:00:00,1.8644150810174331,1.8644150810174331,2026-06-19 08:00:00,1.868072581017433,TP,1,0.0114,2.91,1
AUDCAD,SHORT,2026-06-18 00:00:00,0.990495491027321,0.9921154384361537,2026-06-19 04:00:00,0.9900494384361537,TP,2,0.047,6.72,7
AUDUSD,LONG,2026-06-18 08:00:00,0.701205,0.701205,2026-06-18 16:00:00,0.703152,TP,1,0.0214,4.1,2
GBPCAD,SHORT,2026-06-18 08:00:00,1.878658801116579,1.878658801116579,2026-06-18 12:00:00,1.875406801116579,TP,1,0.0113,2.57,1
CADCHF,LONG,2026-06-15 00:00:00,0.5681237043163545,0.5681237043163545,2026-06-18 12:00:00,0.5684598982932195,TP,1,0.021,0.81,21
NZDUSD,LONG,2026-06-17 20:00:00,0.576725,0.576725,2026-06-18 04:00:00,0.5786605,TP,1,0.026,4.96,2
NZDCHF,LONG,2026-06-17 04:00:00,0.46136871229593324,0.46136871229593324,2026-06-18 04:00:00,0.4623692122959332,TP,1,0.0258,3.15,6
AUDUSD,LONG,2026-06-17 20:00:00,0.701315,0.701315,2026-06-18 04:00:00,0.7033215,TP,1,0.0214,4.23,2
GBPCHF,LONG,2026-06-17 20:00:00,1.0615485249224275,1.0615485249224275,2026-06-18 00:00:00,1.0632210249224274,TP,1,0.0113,2.33,1
AUDCAD,SHORT,2026-06-15 00:00:00,0.9889361891627102,0.9904563205665371,2026-06-17 20:00:00,0.988632820566537,TP,2,0.0467,5.9,17
GBPCAD,SHORT,2026-06-11 08:00:00,1.8687398092418626,1.8740138817393577,2026-06-17 20:00:00,1.8720696021038454,TP,3,0.0381,5.13,27
GBPCHF,LONG,2026-06-17 08:00:00,1.0618589116905792,1.0618589116905792,2026-06-17 16:00:00,1.0634394116905792,TP,1,0.0112,2.19,2
GBPNZD,SHORT,2026-06-17 08:00:00,2.306334893572466,2.306334893572466,2026-06-17 16:00:00,2.302437393572466,TP,1,0.0112,2.5,2
USDNOK,SHORT,2026-06-08 04:00:00,9.4369575,9.466968818181819,2026-06-17 00:00:00,9.468296681443885,TP,2,0.033,-0.56,41
EURCHF,SHORT,2026-06-08 04:00:00,0.9187599999999999,0.9198192792445181,2026-06-16 16:00:00,0.9202122078755625,TP,2,0.0286,-1.5,39
GBPNZD,SHORT,2026-06-16 04:00:00,2.30647,2.30647,2026-06-16 12:00:00,2.301907,TP,1,0.0112,2.95,2
NZDCHF,LONG,2026-06-16 04:00:00,0.461597113455897,0.461597113455897,2026-06-16 08:00:00,0.462593113455897,TP,1,0.0258,3.16,1
NZDCAD,SHORT,2026-06-15 00:00:00,0.8174108729501761,0.8174108729501761,2026-06-15 20:00:00,0.8151693729501761,TP,1,0.0257,4.03,5
GBPCHF,SHORT,2026-06-08 04:00:00,1.062785,1.0661778507419086,2026-06-15 08:00:00,1.064997710691591,TP,3,0.0382,5.56,31
GBPNZD,SHORT,2026-06-09 12:00:00,2.2954861065787813,2.2993910260402872,2026-06-15 00:00:00,2.295658464559438,TP,2,0.0247,5.3,21
EURAUD,SHORT,2026-06-12 04:00:00,1.6445312511356909,1.6445312511356909,2026-06-12 16:00:00,1.640876251135691,TP,1,0.013,3.3,3
AUDCAD,LONG,2026-06-08 16:00:00,0.9835662341947262,0.981480933118971,2026-06-11 20:00:00,0.9834113126412534,TP,2,0.0469,6.35,19
NZDCAD,LONG,2026-06-10 20:00:00,0.808045,0.808045,2026-06-11 20:00:00,0.8102205,TP,1,0.0259,3.95,6
AUDUSD,LONG,2026-06-08 16:00:00,0.7051149999999999,0.7031330209594572,2026-06-11 20:00:00,0.7054075209594571,TP,2,0.0469,10.53,19
NZDUSD,LONG,2026-06-09 08:00:00,0.5825038945484262,0.5806349522407339,2026-06-11 20:00:00,0.5826614522407338,TP,2,0.0568,11.33,15
CADCHF,SHORT,2026-06-05 20:00:00,0.571075,0.5720480179530791,2026-06-11 16:00:00,0.5709840179530791,TP,2,0.046,5.98,23
EURAUD,SHORT,2026-06-05 04:00:00,1.6310979975387805,1.637106563652836,2026-06-11 16:00:00,1.651608563652836,SL,3,0.0441,-44.86,27
NZDCAD,LONG,2026-06-10 12:00:00,0.8085127454748741,0.8085127454748741,2026-06-10 16:00:00,0.8110357454748741,TP,1,0.0258,4.6,1
GBPCAD,SHORT,2026-06-09 16:00:00,1.8678779910443912,1.8678779910443912,2026-06-10 00:00:00,1.8646054910443912,TP,1,0.0112,2.6,2
GBPNZD,SHORT,2026-06-03 16:00:00,2.28824,2.291540659509171,2026-06-09 08:00:00,2.287051159509171,TP,2,0.0247,6.38,22
NZDCAD,LONG,2026-06-08 16:00:00,0.8103489138464111,0.8103489138464111,2026-06-09 04:00:00,0.8124694138464111,TP,1,0.0258,3.85,3
AUDCAD,LONG,2026-06-05 16:00:00,0.98395,0.9821955922858201,2026-06-08 12:00:00,0.9845705922858201,TP,2,0.0467,7.83,5
NZDCAD,LONG,2026-06-05 12:00:00,0.811885,0.8104292513863909,2026-06-08 12:00:00,0.812536251386391,TP,2,0.0567,8.4,6
NZDUSD,LONG,2026-06-05 16:00:00,0.580995,0.5794336667670978,2026-06-08 12:00:00,0.5814866667670978,TP,2,0.0568,11.49,5
AUDUSD,LONG,2026-06-05 16:00:00,0.706055,0.7044020598961553,2026-06-08 12:00:00,0.7066750598961554,TP,2,0.0467,10.49,5
NZDCHF,LONG,2026-06-05 16:00:00,0.4620851486642476,0.4620851486642476,2026-06-08 12:00:00,0.46325364866424756,TP,1,0.0258,3.71,5
USDNOK,SHORT,2026-06-05 20:00:00,9.462147499999999,9.462147499999999,2026-06-08 00:00:00,9.431812999999998,TP,1,0.015,4.77,1
AUDCHF,LONG,2026-06-05 20:00:00,0.5605021423526926,0.5605021423526926,2026-06-08 00:00:00,0.5617301423526926,TP,1,0.0213,3.22,1
GBPCHF,SHORT,2026-06-05 12:00:00,1.063075,1.063075,2026-06-08 00:00:00,1.0614465,TP,1,0.0112,2.26,3
GBPCAD,SHORT,2026-06-01 20:00:00,1.8621546225995413,1.8642942737383184,2026-06-05 16:00:00,1.8616937737383183,TP,2,0.0246,4.51,23
EURCHF,SHORT,2026-06-05 12:00:00,0.91889,0.91889,2026-06-05 16:00:00,0.9176945000000001,TP,1,0.0129,1.91,1
USDNOK,SHORT,2026-06-04 16:00:00,9.330359365867402,9.330359365867402,2026-06-05 16:00:00,9.449581865867403,SL,1,0.015,-18.96,6
CADCHF,SHORT,2026-06-05 12:00:00,0.5707650000000001,0.5707650000000001,2026-06-05 16:00:00,0.5696745000000001,TP,1,0.0208,2.8,1
NZDUSD,LONG,2026-06-04 20:00:00,0.5866650000000001,0.5866650000000001,2026-06-05 12:00:00,0.5882555,TP,1,0.0256,3.99,4
AUDUSD,LONG,2026-06-05 04:00:00,0.7123667608537647,0.7123667608537647,2026-06-05 12:00:00,0.7139982608537647,TP,1,0.021,3.37,2
NZDCHF,LONG,2026-06-05 04:00:00,0.46225288165187217,0.46225288165187217,2026-06-05 12:00:00,0.46323538165187217,TP,1,0.0256,3.09,2
EURCHF,SHORT,2026-06-04 16:00:00,0.9175362708787775,0.9175362708787775,2026-06-05 00:00:00,0.9164082708787775,TP,1,0.0129,1.81,2
CADCHF,LONG,2026-06-04 12:00:00,0.5668543292864788,0.5668543292864788,2026-06-04 20:00:00,0.5678978292864788,TP,1,0.0208,2.69,2
GBPCHF,SHORT,2026-06-02 16:00:00,1.059905,1.0615029533666778,2026-06-04 12:00:00,1.0599594533666776,TP,2,0.0245,4.74,11
AUDUSD,LONG,2026-06-04 00:00:00,0.7127193858159635,0.7127193858159635,2026-06-04 12:00:00,0.7143763858159635,TP,1,0.021,3.42,3
NZDUSD,LONG,2026-06-03 16:00:00,0.586565,0.586565,2026-06-04 12:00:00,0.58827,TP,1,0.0256,4.28,5
USDNOK,SHORT,2026-06-03 16:00:00,9.320994398677637,9.320994398677637,2026-06-04 12:00:00,9.296972898677637,TP,1,0.015,3.82,5
EURCHF,SHORT,2026-06-03 08:00:00,0.9169233831827018,0.9181383086984811,2026-06-04 12:00:00,0.9170138086984811,TP,2,0.0284,3.97,7
AUDCHF,SHORT,2026-06-02 16:00:00,0.56506,0.56506,2026-06-04 04:00:00,0.5638650000000001,TP,1,0.0209,3.1,9
NZDCHF,SHORT,2026-05-27 12:00:00,0.462885,0.4649583360847283,2026-06-03 16:00:00,0.4645585989146725,TP,3,0.0864,4.1,31
NZDCAD,SHORT,2026-06-03 04:00:00,0.8209925146034273,0.8209925146034273,2026-06-03 08:00:00,0.8188175146034272,TP,1,0.0254,3.91,1
AUDCAD,SHORT,2026-06-02 20:00:00,0.99343,0.99343,2026-06-03 08:00:00,0.9913259999999999,TP,1,0.0209,3.11,3
AUDCAD,SHORT,2026-06-02 08:00:00,0.99407,0.99407,2026-06-02 16:00:00,0.9918494999999999,TP,1,0.0209,3.29,2
NZDCAD,SHORT,2026-06-01 20:00:00,0.821045,0.821045,2026-06-02 16:00:00,0.818814,TP,1,0.0253,4.0,5
AUDCAD,SHORT,2026-06-01 04:00:00,0.99207,0.99207,2026-06-01 16:00:00,0.9898705,TP,1,0.0209,3.26,3
NZDUSD,SHORT,2026-05-28 12:00:00,0.590695,0.5941701837731495,2026-06-01 16:00:00,0.5922136837731495,TP,3,0.0858,16.54,13
GBPCAD,SHORT,2026-06-01 08:00:00,1.860825,1.860825,2026-06-01 16:00:00,1.857618,TP,1,0.0111,2.55,2
NZDCAD,SHORT,2026-05-29 16:00:00,0.8263550000000001,0.8263550000000001,2026-06-01 12:00:00,0.8237385,TP,1,0.025,4.66,5
CADCHF,LONG,2026-05-29 20:00:00,0.5662349999999999,0.5662349999999999,2026-06-01 12:00:00,0.567443,TP,1,0.0207,3.12,4
EURCHF,LONG,2026-05-29 20:00:00,0.9108,0.9108,2026-06-01 08:00:00,0.912244,TP,1,0.0129,2.33,3
GBPCHF,LONG,2026-05-29 20:00:00,1.051095,1.051095,2026-06-01 04:00:00,1.0529564999999999,TP,1,0.0111,2.62,2
AUDCAD,SHORT,2026-05-29 12:00:00,0.99189,0.99189,2026-06-01 00:00:00,0.9896265,TP,1,0.0209,3.36,3
AUDUSD,SHORT,2026-05-29 16:00:00,0.7195002943851107,0.7195002943851107,2026-06-01 00:00:00,0.7174702943851107,TP,1,0.0209,4.17,2
EURCHF,LONG,2026-05-29 12:00:00,0.91024,0.91024,2026-05-29 16:00:00,0.9115195,TP,1,0.0129,2.07,1
GBPCHF,LONG,2026-05-29 08:00:00,1.0519749999999999,1.0507403296760087,2026-05-29 16:00:00,1.0523003296760087,TP,2,0.0246,4.83,2
CADCHF,LONG,2026-05-29 12:00:00,0.565495,0.565495,2026-05-29 16:00:00,0.5665520000000001,TP,1,0.0207,2.74,1
NZDCAD,SHORT,2026-05-27 04:00:00,0.811485,0.8152210848222586,2026-05-29 12:00:00,0.8249000848222586,SL,3,0.0863,-60.73,14
GBPNZD,LONG,2026-05-28 08:00:00,2.27643,2.2724375441668423,2026-05-29 08:00:00,2.249777544166842,SL,2,0.0246,-33.27,6
GBPCAD,SHORT,2026-05-28 16:00:00,1.8593868501533333,1.8593868501533333,2026-05-28 20:00:00,1.8566963501533333,TP,1,0.0112,2.14,1
EURAUD,SHORT,2026-05-28 04:00:00,1.6316724044466604,1.6316724044466604,2026-05-28 16:00:00,1.6288069044466604,TP,1,0.0129,2.62,3
EURCHF,SHORT,2026-05-28 08:00:00,0.91623,0.91623,2026-05-28 16:00:00,0.915047,TP,1,0.0129,1.91,2
AUDUSD,LONG,2026-05-27 12:00:00,0.7127924507650686,0.7114460478108355,2026-05-28 12:00:00,0.7131230478108356,TP,2,0.0464,7.64,6
GBPCAD,SHORT,2026-05-22 12:00:00,1.854565,1.857321962713148,2026-05-28 04:00:00,1.8548019627131482,TP,2,0.0245,4.38,22
NZDUSD,SHORT,2026-05-27 12:00:00,0.5897236412303872,0.5897236412303872,2026-05-28 04:00:00,0.5881526412303874,TP,1,0.0254,3.92,4
GBPNZD,LONG,2026-05-27 12:00:00,2.27962,2.276023682757913,2026-05-28 04:00:00,2.2804396827579128,TP,2,0.0246,6.29,4
EURAUD,SHORT,2026-05-27 08:00:00,1.63052,1.63052,2026-05-27 20:00:00,1.627869,TP,1,0.0129,2.4,3
CADCHF,LONG,2026-05-27 08:00:00,0.5678305051722832,0.5678305051722832,2026-05-27 16:00:00,0.5688250051722832,TP,1,0.0207,2.56,2
AUDCAD,SHORT,2026-05-25 04:00:00,0.9896400000000001,0.9896400000000001,2026-05-27 08:00:00,0.9878035000000001,TP,1,0.0209,2.72,13
NZDUSD,LONG,2026-05-26 16:00:00,0.5834450000000001,0.5834450000000001,2026-05-27 04:00:00,0.584882,TP,1,0.0257,3.62,3
NZDCHF,LONG,2026-05-22 16:00:00,0.45949500000000004,0.45949500000000004,2026-05-27 04:00:00,0.4603115,TP,1,0.0256,2.59,15
GBPNZD,SHORT,2026-05-25 12:00:00,2.2985077056386323,2.301822711403797,2026-05-27 04:00:00,2.2984092114037966,TP,2,0.0245,4.83,10
EURAUD,LONG,2026-05-26 16:00:00,1.620599066299622,1.620599066299622,2026-05-27 00:00:00,1.6228875662996218,TP,1,0.0129,2.08,2
CADCHF,LONG,2026-05-22 12:00:00,0.5692649999999999,0.5682774545454543,2026-05-26 16:00:00,0.5694379545454543,TP,2,0.0456,6.59,13
EURCHF,LONG,2026-05-22 08:00:00,0.91264,0.9117537439468639,2026-05-26 08:00:00,0.9128732439468639,TP,2,0.0284,3.97,12
AUDCHF,LONG,2026-05-22 16:00:00,0.55964,0.55964,2026-05-25 16:00:00,0.5608905,TP,1,0.021,3.29,6
AUDUSD,LONG,2026-05-21 04:00:00,0.7118190302335388,0.7118190302335388,2026-05-21 20:00:00,0.7145155302335388,TP,1,0.021,5.61,4
AUDCHF,LONG,2026-05-21 04:00:00,0.5601043719236316,0.5601043719236316,2026-05-21 12:00:00,0.5615463719236315,TP,1,0.021,3.78,2
EURAUD,SHORT,2026-05-21 04:00:00,1.634624762634741,1.634624762634741,2026-05-21 08:00:00,1.630216762634741,TP,1,0.0129,4.02,1
AUDCAD,LONG,2026-05-21 04:00:00,0.9782195945242632,0.9782195945242632,2026-05-21 08:00:00,0.9812760945242632,TP,1,0.021,4.61,1
GBPCHF,SHORT,2026-05-20 12:00:00,1.059328044440008,1.059328044440008,2026-05-21 00:00:00,1.0573795444400078,TP,1,0.0112,2.74,3
NZDCAD,LONG,2026-05-19 04:00:00,0.804735,0.8030470857179296,2026-05-20 16:00:00,0.8052055857179297,TP,2,0.0565,8.7,9
CADCHF,SHORT,2026-05-19 16:00:00,0.573755,0.573755,2026-05-20 16:00:00,0.572735,TP,1,0.0206,2.61,6
GBPNZD,SHORT,2026-05-19 12:00:00,2.29534,2.29534,2026-05-20 16:00:00,2.2900795,TP,1,0.0112,3.42,7
AUDUSD,LONG,2026-05-15 04:00:00,0.718135,0.7138704682899296,2026-05-20 16:00:00,0.7164739682899296,TP,3,0.0714,18.37,21
NZDUSD,LONG,2026-05-18 16:00:00,0.5869720537420701,0.585400457858197,2026-05-20 16:00:00,0.587352957858197,TP,2,0.0564,10.84,12
AUDCAD,LONG,2026-05-19 04:00:00,0.98047,0.9782620429078612,2026-05-20 12:00:00,0.9811830429078613,TP,2,0.0464,9.7,8
EURAUD,SHORT,2026-05-19 04:00:00,1.6320999999999999,1.6353033526458056,2026-05-20 08:00:00,1.6311678526458058,TP,2,0.0284,8.27,7
NZDCHF,LONG,2026-05-18 16:00:00,0.4603949411121566,0.4603949411121566,2026-05-20 08:00:00,0.4613764411121566,TP,1,0.0255,3.1,10
AUDCHF,LONG,2026-05-19 04:00:00,0.5603,0.5603,2026-05-20 08:00:00,0.561665,TP,1,0.021,3.57,7
GBPCAD,LONG,2026-05-14 16:00:00,1.844405,1.8411755062556847,2026-05-18 16:00:00,1.8454210062556846,TP,2,0.0246,7.52,12
NZDCAD,LONG,2026-05-15 04:00:00,0.807395,0.8058698034091544,2026-05-18 16:00:00,0.8077658034091544,TP,2,0.0563,7.6,9
NZDCHF,LONG,2026-05-15 08:00:00,0.45960500000000004,0.45960500000000004,2026-05-18 12:00:00,0.4605275,TP,1,0.0256,2.94,7
AUDCHF,LONG,2026-05-18 00:00:00,0.5610200000000001,0.5610200000000001,2026-05-18 12:00:00,0.5623085,TP,1,0.0211,3.39,3
NZDUSD,LONG,2026-05-15 00:00:00,0.589195,0.5859493087699755,2026-05-18 12:00:00,0.5877323087699755,TP,3,0.0871,15.27,9
USDNOK,SHORT,2026-05-18 04:00:00,9.31139503887413,9.31139503887413,2026-05-18 12:00:00,9.27996753887413,TP,1,0.015,5.04,2
AUDCAD,LONG,2026-05-15 16:00:00,0.9830599999999999,0.9813280819158088,2026-05-18 08:00:00,0.9834830819158088,TP,2,0.0462,7.11,4
EURAUD,SHORT,2026-05-18 00:00:00,1.630428372988114,1.630428372988114,2026-05-18 08:00:00,1.626748872988114,TP,1,0.0129,3.36,2
USDNOK,SHORT,2026-05-15 00:00:00,9.278432594949459,9.304633231313096,2026-05-18 00:00:00,9.273314231313096,TP,2,0.033,10.99,6
AUDCHF,LONG,2026-05-15 12:00:00,0.5618945154003708,0.5618945154003708,2026-05-15 20:00:00,0.5631085154003708,TP,1,0.021,3.17,2
AUDCAD,LONG,2026-05-15 08:00:00,0.98398,0.98398,2026-05-15 12:00:00,0.986003,TP,1,0.021,3.02,1
GBPNZD,LONG,2026-05-11 20:00:00,2.28213,2.2734871291789225,2026-05-15 08:00:00,2.2785136291789225,TP,3,0.0378,10.99,21
EURAUD,LONG,2026-05-12 20:00:00,1.6215600000000001,1.619257385099899,2026-05-15 08:00:00,1.622676885099899,TP,2,0.0282,6.81,15
AUDCAD,SHORT,2026-05-06 04:00:00,0.9842000000000001,0.9885470712451615,2026-05-15 04:00:00,0.988292411981992,TP,3,0.0704,1.09,42
NZDCAD,SHORT,2026-05-06 04:00:00,0.807955,0.8122992253493991,2026-05-14 20:00:00,0.8113159340215395,TP,3,0.0857,5.89,40
CADCHF,LONG,2026-05-14 12:00:00,0.5694516671035471,0.5694516671035471,2026-05-14 16:00:00,0.5703366671035471,TP,1,0.0206,2.26,1
AUDUSD,SHORT,2026-05-13 12:00:00,0.7252909746291871,0.7252909746291871,2026-05-14 12:00:00,0.7235394746291871,TP,1,0.0207,3.57,6
AUDCHF,SHORT,2026-05-13 08:00:00,0.5663199999999999,0.5671636142951187,2026-05-14 12:00:00,0.5661136142951187,TP,2,0.0455,5.97,7
USDNOK,LONG,2026-05-08 12:00:00,9.200622500000001,9.200622500000001,2026-05-14 12:00:00,9.219996577783412,TP,1,0.015,3.1,24
NZDCHF,SHORT,2026-05-13 04:00:00,0.46500514220874,0.46500514220874,2026-05-13 08:00:00,0.46404464220874003,TP,1,0.0253,3.03,1
NZDCHF,SHORT,2026-05-12 12:00:00,0.46480499999999997,0.46480499999999997,2026-05-13 00:00:00,0.4639105,TP,1,0.0252,2.81,3
NZDUSD,SHORT,2026-05-11 16:00:00,0.5963303833395052,0.5963303833395052,2026-05-12 08:00:00,0.5946098833395053,TP,1,0.0252,4.25,4
GBPCAD,SHORT,2026-05-11 04:00:00,1.859585,1.859585,2026-05-12 08:00:00,1.8556085000000002,TP,1,0.011,3.17,7
AUDUSD,SHORT,2026-05-11 16:00:00,0.7251008902817124,0.7251008902817124,2026-05-12 04:00:00,0.7232433902817124,TP,1,0.0207,3.78,3
EURCHF,LONG,2026-04-30 16:00:00,0.9175500000000001,0.9175500000000001,2026-05-12 00:00:00,0.9166873969351363,TP,1,0.0128,-1.45,44
NZDUSD,SHORT,2026-05-08 08:00:00,0.596205,0.596205,2026-05-11 08:00:00,0.5939735,TP,1,0.0252,5.54,6
GBPNZD,LONG,2026-05-11 00:00:00,2.2825677000531863,2.2825677000531863,2026-05-11 08:00:00,2.2873947000531865,TP,1,0.011,3.13,2
AUDUSD,SHORT,2026-05-08 12:00:00,0.7246556907089113,0.7246556907089113,2026-05-11 00:00:00,0.7223651907089114,TP,1,0.0207,4.68,3
GBPCAD,SHORT,2026-05-06 12:00:00,1.8532736949555295,1.8599947014027938,2026-05-11 00:00:00,1.8562227014027939,TP,3,0.0375,10.21,15
GBPNZD,LONG,2026-05-06 04:00:00,2.28497,2.280777504943479,2026-05-08 16:00:00,2.285565504943479,TP,2,0.0243,6.85,15
EURAUD,LONG,2026-05-05 16:00:00,1.627354366436315,1.6246703186490254,2026-05-08 00:00:00,1.6281493186490255,TP,2,0.0282,6.98,14
NZDUSD,SHORT,2026-05-06 04:00:00,0.594695,0.596615667868983,2026-05-07 20:00:00,0.594307667868983,TP,2,0.0554,12.63,10
AUDUSD,SHORT,2026-05-06 00:00:00,0.722345,0.7242412334334871,2026-05-07 20:00:00,0.7217237334334871,TP,2,0.0456,11.33,11
USDNOK,LONG,2026-05-07 08:00:00,9.225198075846846,9.225198075846846,2026-05-07 12:00:00,9.257824075846845,TP,1,0.015,5.24,1
AUDCHF,SHORT,2026-05-06 08:00:00,0.56543,0.56543,2026-05-06 12:00:00,0.5640575,TP,1,0.0207,3.58,1
USDNOK,LONG,2026-04-30 20:00:00,9.2629325,9.238908636363636,2026-05-06 08:00:00,9.267323636363635,TP,2,0.033,10.01,21
AUDCAD,LONG,2026-05-05 08:00:00,0.9729404344588667,0.9729404344588667,2026-05-05 12:00:00,0.9752784344588667,TP,1,0.021,3.53,1
NZDCAD,LONG,2026-05-04 16:00:00,0.7983516439640188,0.7983516439640188,2026-05-05 08:00:00,0.8005291439640189,TP,1,0.0256,4.01,4
EURAUD,LONG,2026-04-30 16:00:00,1.6320369218660205,1.629221263374072,2026-05-04 16:00:00,1.6325562633740718,TP,2,0.0282,6.64,12
AUDUSD,SHORT,2026-04-30 20:00:00,0.720125,0.720125,2026-05-04 12:00:00,0.717738,TP,1,0.0208,4.91,10
NZDUSD,SHORT,2026-05-04 04:00:00,0.5922879817565955,0.5922879817565955,2026-05-04 08:00:00,0.5901169817565955,TP,1,0.0253,5.43,1
NZDUSD,SHORT,2026-05-01 16:00:00,0.59198025395026,0.59198025395026,2026-05-01 20:00:00,0.5898712539502601,TP,1,0.0254,5.28,1
GBPCHF,SHORT,2026-04-27 04:00:00,1.062565,1.0640387819744561,2026-04-30 12:00:00,1.0623647819744562,TP,2,0.0244,5.14,20
AUDCAD,LONG,2026-04-29 16:00:00,0.9744700768941944,0.9744700768941944,2026-04-30 12:00:00,0.9767125768941944,TP,1,0.021,3.39,5
NZDCAD,LONG,2026-04-29 12:00:00,0.800385,0.7988527212850162,2026-04-30 12:00:00,0.8007947212850162,TP,2,0.0565,7.85,6
NZDUSD,LONG,2026-04-29 16:00:00,0.583415,0.583415,2026-04-30 12:00:00,0.5853134999999999,TP,1,0.0257,4.8,5
CADCHF,SHORT,2026-04-23 20:00:00,0.574005,0.5762454786990168,2026-04-30 12:00:00,0.5751088819617052,TP,3,0.0696,9.88,28
GBPNZD,SHORT,2026-04-29 04:00:00,2.30462,2.3083155646202793,2026-04-30 12:00:00,2.3035630646202794,TP,2,0.0245,6.74,8
EURCHF,SHORT,2026-04-28 08:00:00,0.9231199999999999,0.9231199999999999,2026-04-30 12:00:00,0.9219275,TP,1,0.0128,1.91,13
AUDUSD,LONG,2026-04-29 20:00:00,0.7111417719009079,0.7111417719009079,2026-04-30 08:00:00,0.713277271900908,TP,1,0.0211,4.44,3
USDNOK,LONG,2026-04-29 12:00:00,9.277216713970285,9.277216713970285,2026-04-29 16:00:00,9.306778213970285,TP,1,0.015,4.72,1
AUDCHF,SHORT,2026-04-27 00:00:00,0.5623199999999999,0.5645775373187861,2026-04-29 16:00:00,0.5633815373187862,TP,3,0.0711,10.54,16
AUDCAD,SHORT,2026-04-28 20:00:00,0.9828838510926693,0.9828838510926693,2026-04-29 04:00:00,0.9807028510926692,TP,1,0.0209,3.27,2
EURAUD,LONG,2026-04-28 16:00:00,1.6307900000000002,1.6307900000000002,2026-04-29 04:00:00,1.633488,TP,1,0.0128,2.44,3
GBPCAD,LONG,2026-04-27 12:00:00,1.8428885078490236,1.8428885078490236,2026-04-28 16:00:00,1.8460240078490235,TP,1,0.0111,2.5,7
EURAUD,LONG,2026-04-27 16:00:00,1.6309500000000001,1.6309500000000001,2026-04-28 12:00:00,1.633712,TP,1,0.0128,2.49,5
AUDUSD,SHORT,2026-04-27 08:00:00,0.718765,0.718765,2026-04-28 08:00:00,0.7165995,TP,1,0.0209,4.46,6
NZDUSD,SHORT,2026-04-27 12:00:00,0.5917643102414974,0.5917643102414974,2026-04-28 04:00:00,0.5899063102414975,TP,1,0.0254,4.63,4
USDNOK,LONG,2026-04-27 00:00:00,9.296277686455975,9.267636822819611,2026-04-28 04:00:00,9.29815732281961,TP,2,0.033,10.72,7
EURAUD,LONG,2026-04-14 16:00:00,1.6520014328064763,1.6458163133407613,2026-04-27 12:00:00,1.6340403133407613,SL,3,0.0432,-36.72,53
GBPCHF,SHORT,2026-04-24 20:00:00,1.062165,1.062165,2026-04-27 00:00:00,1.060484,TP,1,0.0111,2.34,1
GBPCAD,LONG,2026-04-17 20:00:00,1.849845,1.8469993540659815,2026-04-24 16:00:00,1.8489628941942404,TP,2,0.0244,3.43,29
NZDUSD,LONG,2026-04-23 20:00:00,0.5840457902742282,0.5840457902742282,2026-04-24 12:00:00,0.5860827902742282,TP,1,0.0256,5.14,4
NZDCAD,LONG,2026-04-23 20:00:00,0.8016052340671549,0.8016052340671549,2026-04-24 12:00:00,0.803750234067155,TP,1,0.0256,3.94,4
USDNOK,LONG,2026-04-23 16:00:00,9.310954659233769,9.310954659233769,2026-04-23 20:00:00,9.343645659233768,TP,1,0.015,5.2,1
AUDCHF,SHORT,2026-04-22 16:00:00,0.56106,0.56106,2026-04-23 20:00:00,0.5599485000000001,TP,1,0.021,2.9,7
CADCHF,SHORT,2026-04-22 16:00:00,0.573905,0.573905,2026-04-23 16:00:00,0.5728454999999999,TP,1,0.0205,2.7,6
USDNOK,LONG,2026-04-23 08:00:00,9.3103625,9.3103625,2026-04-23 12:00:00,9.341401,TP,1,0.015,4.93,1
GBPNZD,LONG,2026-04-22 00:00:00,2.2878291817685747,2.2878291817685747,2026-04-23 04:00:00,2.2922546817685747,TP,1,0.0111,2.86,7
NZDUSD,SHORT,2026-04-22 08:00:00,0.5916908762685426,0.5916908762685426,2026-04-23 00:00:00,0.5896218762685426,TP,1,0.0254,5.17,4
AUDUSD,SHORT,2026-04-22 08:00:00,0.7172714623626442,0.7172714623626442,2026-04-22 12:00:00,0.7149384623626441,TP,1,0.0209,4.82,1
USDNOK,LONG,2026-04-14 20:00:00,9.447532500000001,9.422321863636364,2026-04-22 08:00:00,9.277267363636364,SL,2,0.033,-51.72,33
GBPNZD,LONG,2026-04-21 00:00:00,2.28723,2.28723,2026-04-21 20:00:00,2.2918170000000004,TP,1,0.0111,2.97,5
AUDUSD,SHORT,2026-04-20 00:00:00,0.714945,0.7167183076245295,2026-04-21 20:00:00,0.7144898076245295,TP,2,0.0462,10.15,11
NZDUSD,SHORT,2026-04-21 00:00:00,0.591275,0.591275,2026-04-21 16:00:00,0.5893875000000001,TP,1,0.0254,4.71,4
NZDCHF,LONG,2026-04-20 16:00:00,0.4583413520455065,0.4583413520455065,2026-04-21 00:00:00,0.4592823520455065,TP,1,0.0255,3.0,2
NZDCAD,LONG,2026-04-20 00:00:00,0.8034094728835814,0.8034094728835814,2026-04-20 04:00:00,0.8052619728835815,TP,1,0.0255,3.38,1
NZDCHF,LONG,2026-04-20 00:00:00,0.4587209802863294,0.4587209802863294,2026-04-20 04:00:00,0.4596739802863294,TP,1,0.0255,3.03,1
AUDCHF,SHORT,2026-04-15 12:00:00,0.5586536267767891,0.559811214075233,2026-04-20 00:00:00,0.5587012140752331,TP,2,0.0461,6.39,15
AUDCAD,SHORT,2026-04-13 16:00:00,0.9769100000000001,0.9813721572367284,2026-04-20 00:00:00,0.9791651572367284,TP,3,0.0714,11.29,26
GBPNZD,LONG,2026-04-17 16:00:00,2.292238030282879,2.292238030282879,2026-04-17 20:00:00,2.296148530282879,TP,1,0.0111,2.51,1
AUDUSD,SHORT,2026-04-17 16:00:00,0.718805,0.718805,2026-04-17 20:00:00,0.7166785,TP,1,0.0209,4.37,1
NZDUSD,SHORT,2026-04-16 20:00:00,0.589005,0.5901921424697779,2026-04-17 20:00:00,0.588624642469778,TP,2,0.0559,8.59,6
AUDUSD,SHORT,2026-04-13 16:00:00,0.708115,0.7129000265817215,2026-04-17 12:00:00,0.7207190265817215,SL,3,0.0714,-56.08,23
CADCHF,SHORT,2026-04-17 08:00:00,0.5725825322512123,0.5725825322512123,2026-04-17 12:00:00,0.5715860322512122,TP,1,0.0205,2.56,1
GBPCAD,LONG,2026-04-17 04:00:00,1.850875,1.850875,2026-04-17 12:00:00,1.85371,TP,1,0.0111,2.27,2
NZDCHF,SHORT,2026-04-16 16:00:00,0.4620324652228216,0.4620324652228216,2026-04-16 20:00:00,0.4611429652228216,TP,1,0.0255,2.82,1
GBPCAD,SHORT,2026-04-08 00:00:00,1.853915,1.86075729109977,2026-04-16 16:00:00,1.8578549448682686,TP,3,0.0379,7.9,40
NZDUSD,SHORT,2026-04-14 20:00:00,0.5900749999999999,0.5900749999999999,2026-04-16 16:00:00,0.5883805,TP,1,0.0254,4.23,11
NZDCAD,SHORT,2026-04-08 00:00:00,0.801425,0.8058596997117028,2026-04-16 16:00:00,0.8071536555567358,TP,3,0.0873,-8.51,40
NZDCHF,SHORT,2026-04-15 16:00:00,0.46206499999999995,0.46206499999999995,2026-04-16 12:00:00,0.46120399999999995,TP,1,0.0254,2.71,5
GBPNZD,LONG,2026-04-15 20:00:00,2.29312,2.29312,2026-04-16 08:00:00,2.29765,TP,1,0.0111,2.92,3
CADCHF,LONG,2026-04-13 20:00:00,0.568255,0.568255,2026-04-15 20:00:00,0.5695185,TP,1,0.0207,3.28,12
USDNOK,LONG,2026-04-14 12:00:00,9.4063125,9.4063125,2026-04-14 16:00:00,9.43832,TP,1,0.015,5.04,1
NZDUSD,SHORT,2026-04-08 00:00:00,0.5787549999999999,0.5828991857224936,2026-04-14 16:00:00,0.5918021857224937,SL,3,0.0874,-78.1,28
USDNOK,LONG,2026-04-07 16:00:00,9.638049957361355,9.564327853083281,2026-04-14 08:00:00,9.42683135308328,SL,3,0.051,-74.53,28
EURCHF,SHORT,2026-04-13 04:00:00,0.9255718938822075,0.9255718938822075,2026-04-13 08:00:00,0.9238478938822076,TP,1,0.0128,2.76,1
AUDCAD,SHORT,2026-04-09 04:00:00,0.97484,0.97484,2026-04-13 00:00:00,0.9714315,TP,1,0.0213,5.17,11
GBPCHF,SHORT,2026-04-10 16:00:00,1.062844429838704,1.062844429838704,2026-04-13 00:00:00,1.0606939298387041,TP,1,0.0111,2.99,2
EURCHF,SHORT,2026-04-10 20:00:00,0.92553,0.92553,2026-04-13 00:00:00,0.9239225,TP,1,0.0128,2.56,1
CADCHF,LONG,2026-04-10 16:00:00,0.5693804144029438,0.5693804144029438,2026-04-13 00:00:00,0.5709014144029438,TP,1,0.0208,3.92,2
NZDCHF,SHORT,2026-04-08 08:00:00,0.46018954540050305,0.46138666897703,2026-04-13 00:00:00,0.45980116897703005,TP,2,0.0565,11.13,16
AUDUSD,SHORT,2026-04-09 00:00:00,0.703515,0.7061630477271176,2026-04-13 00:00:00,0.7028785477271176,TP,2,0.0467,15.21,12
AUDCHF,SHORT,2026-04-08 12:00:00,0.55675,0.558234108760809,2026-04-13 00:00:00,0.556323108760809,TP,2,0.0466,11.1,15
EURCHF,SHORT,2026-04-10 12:00:00,0.9245600479258179,0.9245600479258179,2026-04-10 16:00:00,0.9229865479258179,TP,1,0.0128,2.51,1
GBPNZD,LONG,2026-04-09 04:00:00,2.2965811838744137,2.2965811838744137,2026-04-10 16:00:00,2.303172183874414,TP,1,0.0112,4.27,9
EURAUD,LONG,2026-04-09 16:00:00,1.65273,1.65273,2026-04-10 12:00:00,1.657498,TP,1,0.0128,4.28,5
GBPCHF,SHORT,2026-04-09 20:00:00,1.061915,1.061915,2026-04-10 12:00:00,1.0598575,TP,1,0.0112,2.88,4
EURCHF,SHORT,2026-04-09 20:00:00,0.92463,0.92463,2026-04-10 08:00:00,0.923128,TP,1,0.0128,2.4,3
EURCHF,SHORT,2026-04-08 16:00:00,0.9234296031993373,0.9234296031993373,2026-04-09 16:00:00,0.9220941031993374,TP,1,0.0128,2.14,6
EURAUD,LONG,2026-04-08 12:00:00,1.6567,1.6567,2026-04-09 08:00:00,1.6609695,TP,1,0.0128,3.8,5
AUDCAD,SHORT,2026-04-08 04:00:00,0.97758,0.97758,2026-04-09 00:00:00,0.9741295,TP,1,0.0212,5.22,5
GBPCHF,SHORT,2026-04-08 12:00:00,1.0610790698662091,1.0610790698662091,2026-04-09 00:00:00,1.058897569866209,TP,1,0.0111,3.03,3
CADCHF,LONG,2026-04-08 00:00:00,0.5711037394154103,0.5699408640978306,2026-04-08 20:00:00,0.5714958640978307,TP,2,0.0457,8.85,5
AUDUSD,SHORT,2026-04-08 12:00:00,0.707055,0.707055,2026-04-08 20:00:00,0.7039445,TP,1,0.0212,6.54,2
EURCHF,SHORT,2026-04-01 12:00:00,0.9204035150003306,0.9231286341919814,2026-04-08 08:00:00,0.9217191341919815,TP,3,0.0441,7.75,29
EURAUD,LONG,2026-04-08 00:00:00,1.6548,1.6548,2026-04-08 08:00:00,1.6584675,TP,1,0.0129,3.28,2
AUDCHF,SHORT,2026-04-08 04:00:00,0.5579299999999999,0.5579299999999999,2026-04-08 08:00:00,0.5562355,TP,1,0.0212,4.5,1
GBPNZD,LONG,2026-04-08 04:00:00,2.29994,2.29994,2026-04-08 08:00:00,2.3058965,TP,1,0.0112,3.84,1
AUDUSD,SHORT,2026-04-08 04:00:00,0.706715,0.706715,2026-04-08 08:00:00,0.7040335,TP,1,0.0212,5.63,1
GBPCHF,SHORT,2026-04-07 08:00:00,1.0601042336919377,1.0601042336919377,2026-04-08 08:00:00,1.0580632336919378,TP,1,0.0113,2.89,6
NZDCHF,SHORT,2026-04-08 00:00:00,0.45944195401362276,0.45944195401362276,2026-04-08 04:00:00,0.45809095401362276,TP,1,0.0259,4.36,1
AUDCAD,SHORT,2026-04-07 08:00:00,0.96608,0.96608,2026-04-08 00:00:00,0.976256,SL,1,0.0216,-15.93,4
GBPNZD,SHORT,2026-04-01 20:00:00,2.313767368548181,2.3176270005666493,2026-04-08 00:00:00,2.3131820005666492,TP,2,0.0249,6.32,25
AUDUSD,SHORT,2026-04-07 20:00:00,0.697595,0.697595,2026-04-08 00:00:00,0.7064379999999999,SL,1,0.0215,-19.08,1
AUDCHF,SHORT,2026-04-07 08:00:00,0.55424,0.55424,2026-04-08 00:00:00,0.5603539999999999,SL,1,0.0216,-16.75,4
NZDCAD,LONG,2026-04-07 16:00:00,0.7925669371038149,0.7925669371038149,2026-04-07 20:00:00,0.7945654371038149,TP,1,0.0263,3.7,1
NZDUSD,LONG,2026-04-07 12:00:00,0.570025809609671,0.570025809609671,2026-04-07 20:00:00,0.571785809609671,TP,1,0.0263,4.55,2
GBPCAD,SHORT,2026-04-07 08:00:00,1.8480415451618721,1.8480415451618721,2026-04-07 12:00:00,1.8443520451618722,TP,1,0.0113,2.96,1
NZDCAD,LONG,2026-04-07 04:00:00,0.7927149972439896,0.7927149972439896,2026-04-07 08:00:00,0.7947479972439897,TP,1,0.0263,3.77,1
NZDUSD,LONG,2026-04-07 04:00:00,0.5702741502685357,0.5702741502685357,2026-04-07 08:00:00,0.5720886502685356,TP,1,0.0263,4.69,1
NZDUSD,LONG,2026-04-02 20:00:00,0.5717350000000001,0.5699096459062166,2026-04-06 08:00:00,0.5719431459062165,TP,2,0.0579,11.6,9
NZDCHF,LONG,2026-04-06 00:00:00,0.4545188665613098,0.4545188665613098,2026-04-06 04:00:00,0.45601936656130976,TP,1,0.0263,4.86,1
NZDCAD,LONG,2026-04-03 20:00:00,0.792415,0.792415,2026-04-06 04:00:00,0.7947204999999999,TP,1,0.0264,4.29,2
NZDCHF,LONG,2026-04-03 16:00:00,0.4548205676492989,0.4548205676492989,2026-04-03 20:00:00,0.4562510676492989,TP,1,0.0263,4.64,1
NZDUSD,LONG,2026-04-02 04:00:00,0.571015,0.571015,2026-04-02 16:00:00,0.573406,TP,1,0.0263,6.2,3
NZDCAD,LONG,2026-04-02 04:00:00,0.794295,0.794295,2026-04-02 16:00:00,0.7968615,TP,1,0.0263,4.77,3
EURAUD,SHORT,2026-04-02 04:00:00,1.67708,1.67708,2026-04-02 16:00:00,1.671785,TP,1,0.013,4.72,3
AUDUSD,LONG,2026-04-02 12:00:00,0.686316954935236,0.686316954935236,2026-04-02 16:00:00,0.689596454935236,TP,1,0.0218,7.08,1
NZDCHF,LONG,2026-04-02 04:00:00,0.45545079446246683,0.45545079446246683,2026-04-02 12:00:00,0.4568672944624668,TP,1,0.0263,4.58,2
CADCHF,LONG,2026-04-01 08:00:00,0.5712941466203695,0.5712941466203695,2026-04-02 04:00:00,0.5728291466203695,TP,1,0.0208,3.94,5
GBPCAD,SHORT,2026-04-01 12:00:00,1.8492942996545876,1.8492942996545876,2026-04-02 04:00:00,1.8444327996545875,TP,1,0.0113,3.91,4
NZDUSD,LONG,2026-03-26 12:00:00,0.5775476764832413,0.5756135049453404,2026-04-01 12:00:00,0.5776737560172331,TP,2,0.0573,11.63,24
EURAUD,SHORT,2026-03-27 08:00:00,1.67048,1.6746937703002427,2026-04-01 08:00:00,1.6692932703002428,TP,2,0.0286,10.64,18
EURCHF,SHORT,2026-03-31 20:00:00,0.92347,0.92347,2026-04-01 08:00:00,0.9214825000000001,TP,1,0.013,3.21,3
AUDUSD,LONG,2026-03-26 12:00:00,0.690435,0.6878165829116583,2026-04-01 00:00:00,0.6909160829116583,TP,2,0.048,14.73,21
GBPNZD,SHORT,2026-03-23 04:00:00,2.292581153158312,2.3046860430281972,2026-03-31 20:00:00,2.301053512606445,TP,3,0.0383,7.88,40
GBPCHF,SHORT,2026-03-31 16:00:00,1.061233118496095,1.061233118496095,2026-03-31 20:00:00,1.058470118496095,TP,1,0.0114,3.89,1
GBPCAD,SHORT,2026-03-31 16:00:00,1.8480443208666866,1.8480443208666866,2026-03-31 20:00:00,1.8432903208666866,TP,1,0.0114,3.84,1
EURCHF,SHORT,2026-03-31 08:00:00,0.9176088596150702,0.9189286179052848,2026-03-31 16:00:00,0.9261126179052848,SL,2,0.0287,-25.85,2
USDNOK,SHORT,2026-03-27 20:00:00,9.754066320053658,9.754066320053658,2026-03-31 16:00:00,9.71034782005366,TP,1,0.015,6.7,11
NZDCAD,LONG,2026-03-31 08:00:00,0.7949694187983487,0.7949694187983487,2026-03-31 12:00:00,0.7972654187983488,TP,1,0.0262,4.24,1
NZDCHF,LONG,2026-03-30 16:00:00,0.4567367174187146,0.4567367174187146,2026-03-31 12:00:00,0.45806321741871453,TP,1,0.0262,4.27,5
AUDCAD,LONG,2026-03-27 08:00:00,0.9538025791636645,0.9538025791636645,2026-03-31 08:00:00,0.9570545791636645,TP,1,0.0218,5.01,12
AUDCHF,LONG,2026-03-30 16:00:00,0.5472846404504175,0.5472846404504175,2026-03-31 08:00:00,0.5491961404504174,TP,1,0.0219,5.16,4
NZDCAD,LONG,2026-03-30 12:00:00,0.7953878228842675,0.7953878228842675,2026-03-31 04:00:00,0.7976313228842675,TP,1,0.0262,4.14,4
EURCHF,SHORT,2026-03-30 20:00:00,0.917308131499619,0.917308131499619,2026-03-31 00:00:00,0.915812631499619,TP,1,0.0131,2.41,1
EURCHF,SHORT,2026-03-30 12:00:00,0.91841,0.91841,2026-03-30 16:00:00,0.916943,TP,1,0.0131,2.36,1
GBPCHF,SHORT,2026-03-23 12:00:00,1.0559485698539683,1.0580354320219851,2026-03-30 16:00:00,1.055953214708616,TP,2,0.0247,6.34,31
AUDCHF,LONG,2026-03-30 00:00:00,0.5473300000000001,0.5473300000000001,2026-03-30 12:00:00,0.5491320000000001,TP,1,0.0219,4.87,3
EURCHF,SHORT,2026-03-20 16:00:00,0.9108999999999999,0.9139490215191559,2026-03-30 08:00:00,0.9199170215191559,SL,3,0.0441,-33.02,34
NZDCAD,LONG,2026-03-30 00:00:00,0.7956094479801864,0.7956094479801864,2026-03-30 08:00:00,0.7979839479801865,TP,1,0.0262,4.39,2
GBPCAD,SHORT,2026-03-23 12:00:00,1.839265,1.8440761049944958,2026-03-30 00:00:00,1.8396106049944958,TP,2,0.0246,7.83,27
AUDCHF,LONG,2026-03-27 16:00:00,0.5477962029523621,0.5477962029523621,2026-03-27 20:00:00,0.549605202952362,TP,1,0.0218,4.87,1
AUDCHF,LONG,2026-03-24 00:00:00,0.5496337087231382,0.5479479388499554,2026-03-27 12:00:00,0.5498814388499553,TP,2,0.0476,11.42,21
EURAUD,SHORT,2026-03-20 16:00:00,1.64215,1.6537789405474854,2026-03-27 04:00:00,1.6768849405474855,SL,3,0.0441,-70.54,27
AUDCAD,LONG,2026-03-26 20:00:00,0.9532999224867127,0.9532999224867127,2026-03-27 04:00:00,0.9570989224867127,TP,1,0.0218,5.91,2
USDNOK,SHORT,2026-03-25 12:00:00,9.745702307186912,9.745702307186912,2026-03-25 16:00:00,9.695272807186912,TP,1,0.015,7.76,1
AUDUSD,LONG,2026-03-24 08:00:00,0.6960158763827001,0.6960158763827001,2026-03-24 20:00:00,0.7006243763827001,TP,1,0.0215,9.86,3
USDNOK,SHORT,2026-03-23 12:00:00,9.7063075,9.744516181818181,2026-03-24 12:00:00,9.696463181818181,TP,2,0.033,16.26,6
NZDCAD,LONG,2026-03-23 12:00:00,0.7945259838162274,0.7945259838162274,2026-03-23 16:00:00,0.7983759838162274,TP,1,0.0256,7.11,1
AUDUSD,LONG,2026-03-23 00:00:00,0.699465,0.699465,2026-03-23 12:00:00,0.7031735,TP,1,0.0214,7.89,3
NZDUSD,LONG,2026-03-23 08:00:00,0.5796841982615007,0.5796841982615007,2026-03-23 12:00:00,0.5826796982615007,TP,1,0.0259,7.67,1
AUDCAD,LONG,2026-03-23 00:00:00,0.9591439476032773,0.9591439476032773,2026-03-23 12:00:00,0.9634114476032773,TP,1,0.0214,6.62,3
NZDCHF,LONG,2026-03-23 08:00:00,0.45710581209601664,0.45710581209601664,2026-03-23 12:00:00,0.4588533120960166,TP,1,0.0259,5.68,1
AUDCHF,LONG,2026-03-23 00:00:00,0.5513993815553164,0.5513993815553164,2026-03-23 12:00:00,0.5536513815553163,TP,1,0.0214,6.08,3
GBPCAD,SHORT,2026-03-19 16:00:00,1.8350549999999999,1.8389496629932103,2026-03-20 16:00:00,1.8336746629932104,TP,2,0.0246,9.4,6
USDNOK,LONG,2026-03-19 08:00:00,9.561922500000001,9.533292272727273,2026-03-20 16:00:00,9.571176272727273,TP,2,0.033,12.98,8
GBPCHF,SHORT,2026-03-16 16:00:00,1.0492864539801432,1.0531188531595048,2026-03-20 16:00:00,1.0505103531595048,TP,3,0.0383,12.56,24
AUDCAD,SHORT,2026-03-19 20:00:00,0.974106893906523,0.974106893906523,2026-03-20 12:00:00,0.970173893906523,TP,1,0.0212,6.01,4
EURCHF,SHORT,2026-03-19 20:00:00,0.9133,0.9133,2026-03-20 12:00:00,0.9117090000000001,TP,1,0.0129,2.58,4
NZDCAD,SHORT,2026-03-19 20:00:00,0.8070674770114958,0.8070674770114958,2026-03-20 12:00:00,0.8040174770114958,TP,1,0.0255,5.6,4
NZDCHF,SHORT,2026-03-20 00:00:00,0.463875,0.463875,2026-03-20 12:00:00,0.4622575,TP,1,0.0255,5.17,3
GBPNZD,SHORT,2026-03-19 12:00:00,2.2899700000000003,2.2899700000000003,2026-03-20 00:00:00,2.2835825,TP,1,0.0113,4.2,3
EURAUD,SHORT,2026-03-19 16:00:00,1.6413069100937014,1.6413069100937014,2026-03-19 20:00:00,1.6362704100937016,TP,1,0.013,4.6,1
AUDUSD,LONG,2026-03-19 16:00:00,0.7003605641177141,0.7003605641177141,2026-03-19 20:00:00,0.703756564117714,TP,1,0.0213,7.16,1
CADCHF,SHORT,2026-03-19 12:00:00,0.578335,0.578335,2026-03-19 16:00:00,0.5768835,TP,1,0.0206,3.71,1
EURCHF,SHORT,2026-03-19 12:00:00,0.91186,0.91186,2026-03-19 16:00:00,0.910317,TP,1,0.0131,2.51,1
AUDCHF,SHORT,2026-03-19 12:00:00,0.559172007890223,0.559172007890223,2026-03-19 16:00:00,0.557043507890223,TP,1,0.0214,5.68,1
NZDUSD,LONG,2026-03-19 08:00:00,0.581285,0.581285,2026-03-19 16:00:00,0.5837165,TP,1,0.0258,6.2,2
EURCHF,SHORT,2026-03-18 16:00:00,0.90865,0.90865,2026-03-19 08:00:00,0.907341,TP,1,0.013,2.11,4
AUDCHF,SHORT,2026-03-16 16:00:00,0.5567336049650713,0.5583509721902931,2026-03-19 08:00:00,0.5563459721902931,TP,2,0.0469,11.72,16
CADCHF,SHORT,2026-03-18 20:00:00,0.5775250000000001,0.5775250000000001,2026-03-19 08:00:00,0.5761815,TP,1,0.0206,3.43,3
GBPNZD,SHORT,2026-03-18 20:00:00,2.28691,2.28691,2026-03-19 08:00:00,2.2805505000000004,TP,1,0.0113,4.15,3
NZDCAD,LONG,2026-03-18 20:00:00,0.795795,0.795795,2026-03-19 04:00:00,0.7986585,TP,1,0.0259,5.32,2
NZDUSD,LONG,2026-03-18 20:00:00,0.579585,0.579585,2026-03-19 04:00:00,0.582106,TP,1,0.0259,6.45,2
USDNOK,LONG,2026-03-17 20:00:00,9.579192500000001,9.579192500000001,2026-03-18 20:00:00,9.6129095,TP,1,0.015,5.22,6
EURAUD,LONG,2026-03-09 16:00:00,1.6432323348054443,1.6326748630253745,2026-03-18 20:00:00,1.6316849163486553,TP,3,0.0439,-3.18,43
NZDUSD,LONG,2026-03-18 12:00:00,0.5822050000000001,0.5822050000000001,2026-03-18 16:00:00,0.5845440000000001,TP,1,0.0258,5.95,1
GBPNZD,SHORT,2026-03-18 12:00:00,2.2868,2.2868,2026-03-18 16:00:00,2.2805735,TP,1,0.0113,4.06,1
GBPCAD,SHORT,2026-03-18 08:00:00,1.8316041513074848,1.8316041513074848,2026-03-18 12:00:00,1.8273136513074848,TP,1,0.0112,3.48,1
AUDCAD,SHORT,2026-03-17 12:00:00,0.9724400000000001,0.9724400000000001,2026-03-18 12:00:00,0.9689655,TP,1,0.0211,5.29,6
GBPNZD,SHORT,2026-03-17 08:00:00,2.2835994299259124,2.2835994299259124,2026-03-17 16:00:00,2.2771999299259122,TP,1,0.0113,4.19,2
NZDUSD,LONG,2026-03-17 08:00:00,0.5829945361016365,0.5829945361016365,2026-03-17 16:00:00,0.5853965361016364,TP,1,0.0257,6.09,2
NZDCAD,LONG,2026-03-17 08:00:00,0.7969180665253736,0.7969180665253736,2026-03-17 12:00:00,0.7995245665253736,TP,1,0.0257,4.81,1
CADCHF,SHORT,2026-03-13 20:00:00,0.5763250000000001,0.5763250000000001,2026-03-17 08:00:00,0.574836,TP,1,0.0206,3.84,9
NZDUSD,LONG,2026-03-12 16:00:00,0.5859150000000001,0.5839554943519051,2026-03-16 20:00:00,0.586454494351905,TP,2,0.0565,13.96,13
USDNOK,SHORT,2026-03-16 12:00:00,9.7355577755605,9.7355577755605,2026-03-16 16:00:00,9.6997367755605,TP,1,0.015,5.51,1
NZDCAD,LONG,2026-03-13 16:00:00,0.796615,0.796615,2026-03-16 12:00:00,0.7992565,TP,1,0.0259,4.91,5
GBPNZD,SHORT,2026-03-13 16:00:00,2.28304,2.28304,2026-03-16 12:00:00,2.276816,TP,1,0.0113,4.08,5
AUDUSD,LONG,2026-03-13 16:00:00,0.700595,0.700595,2026-03-16 12:00:00,0.7040575,TP,1,0.0214,7.35,5
USDNOK,SHORT,2026-03-13 20:00:00,9.765687499999999,9.765687499999999,2026-03-16 08:00:00,9.730791499999999,TP,1,0.015,5.33,3
NZDCHF,LONG,2026-03-13 20:00:00,0.457075,0.457075,2026-03-16 04:00:00,0.4583715,TP,1,0.026,4.18,2
USDNOK,SHORT,2026-03-12 20:00:00,9.707092398681597,9.735820398681597,2026-03-13 16:00:00,9.699270398681596,TP,2,0.033,12.27,5
NZDCHF,LONG,2026-03-13 08:00:00,0.4582378032675616,0.4582378032675616,2026-03-13 16:00:00,0.45949330326756155,TP,1,0.0258,4.02,2
CADCHF,SHORT,2026-03-13 12:00:00,0.5756573696333372,0.5756573696333372,2026-03-13 16:00:00,0.5741238696333372,TP,1,0.0206,3.93,1
GBPCAD,LONG,2026-03-13 08:00:00,1.811815,1.811815,2026-03-13 12:00:00,1.8166879999999999,TP,1,0.0113,3.99,1
NZDCAD,LONG,2026-03-12 16:00:00,0.798405,0.7963184082902546,2026-03-13 12:00:00,0.7988989082902546,TP,2,0.0565,10.48,5
GBPNZD,SHORT,2026-03-12 16:00:00,2.27796,2.282406877437258,2026-03-13 12:00:00,2.276662377437258,TP,2,0.0247,8.22,5
AUDCHF,SHORT,2026-03-10 16:00:00,0.5545399999999999,0.5563333516810918,2026-03-13 08:00:00,0.5542588516810918,TP,2,0.046,11.97,16
GBPCHF,SHORT,2026-03-12 20:00:00,1.048775,1.048775,2026-03-13 08:00:00,1.0467605,TP,1,0.0112,2.84,3
CADCHF,SHORT,2026-03-02 12:00:00,0.568685,0.5717535745838388,2026-03-13 08:00:00,0.5776725745838388,SL,3,0.0696,-52.47,53
AUDUSD,SHORT,2026-03-10 16:00:00,0.714975,0.714975,2026-03-12 16:00:00,0.7112695,TP,1,0.021,7.71,12
AUDCAD,SHORT,2026-03-10 16:00:00,0.97018,0.97018,2026-03-12 16:00:00,0.965869,TP,1,0.021,6.57,12
EURCHF,LONG,2026-03-12 12:00:00,0.9019276115132522,0.9019276115132522,2026-03-12 16:00:00,0.9035056115132521,TP,1,0.013,2.58,1
EURCHF,LONG,2026-03-10 00:00:00,0.9035500000000001,0.9022052128952391,2026-03-12 08:00:00,0.9037997128952391,TP,2,0.0284,5.71,14
EURCHF,LONG,2026-03-05 08:00:00,0.9052366860162819,0.9019976849484242,2026-03-09 20:00:00,0.9035916849484242,TP,3,0.044,8.9,15
AUDCAD,LONG,2026-03-06 12:00:00,0.95321,0.9499780024843489,2026-03-09 16:00:00,0.9538000024843489,TP,2,0.0473,13.19,7
NZDUSD,LONG,2026-03-02 16:00:00,0.5936872239796686,0.5916670969873474,2026-03-09 16:00:00,0.5923092892992632,TP,2,0.0558,3.42,30
NZDCHF,LONG,2026-03-06 12:00:00,0.4581102762376821,0.4581102762376821,2026-03-09 12:00:00,0.45977177623768206,TP,1,0.0256,5.38,6
AUDUSD,LONG,2026-03-09 00:00:00,0.696365,0.696365,2026-03-09 08:00:00,0.700565,TP,1,0.0215,8.98,2
GBPCAD,LONG,2026-03-09 04:00:00,1.802175,1.802175,2026-03-09 08:00:00,1.807445,TP,1,0.0113,4.35,1
GBPNZD,SHORT,2026-03-09 00:00:00,2.275199591491104,2.275199591491104,2026-03-09 04:00:00,2.268054591491104,TP,1,0.0113,4.7,1
NZDCAD,LONG,2026-03-02 08:00:00,0.8127949999999999,0.810763572315115,2026-03-09 00:00:00,0.798726572315115,SL,2,0.0558,-49.52,28
GBPCAD,LONG,2026-02-26 16:00:00,1.842465,1.8342536591942322,2026-03-09 00:00:00,1.8142666591942322,SL,3,0.038,-55.94,38
GBPNZD,SHORT,2026-03-06 12:00:00,2.27599,2.27599,2026-03-06 20:00:00,2.2682845,TP,1,0.0112,5.08,2
AUDCAD,LONG,2026-03-05 16:00:00,0.9568399999999999,0.9568399999999999,2026-03-06 04:00:00,0.9609785,TP,1,0.0215,6.44,3
AUDUSD,LONG,2026-03-05 16:00:00,0.6980134463159148,0.6980134463159148,2026-03-06 00:00:00,0.7023904463159149,TP,1,0.0215,9.34,2
EURAUD,LONG,2026-03-04 12:00:00,1.6466725071881738,1.6466725071881738,2026-03-05 16:00:00,1.6530665071881738,TP,1,0.0129,5.72,7
USDNOK,SHORT,2026-03-05 08:00:00,9.69443823030138,9.69443823030138,2026-03-05 16:00:00,9.642873230301381,TP,1,0.015,7.94,2
AUDCAD,LONG,2026-03-04 00:00:00,0.9590099999999999,0.9590099999999999,2026-03-04 12:00:00,0.9634999999999999,TP,1,0.0214,6.97,3
USDNOK,SHORT,2026-03-03 08:00:00,9.6631275,9.69715159090909,2026-03-04 08:00:00,9.650103090909091,TP,2,0.033,16.01,6
AUDUSD,LONG,2026-03-04 00:00:00,0.699833632947412,0.699833632947412,2026-03-04 08:00:00,0.703841632947412,TP,1,0.0214,8.52,2
EURCHF,LONG,2026-03-03 16:00:00,0.9068180770063516,0.9068180770063516,2026-03-04 08:00:00,0.9092080770063516,TP,1,0.0129,3.91,4
EURAUD,LONG,2026-03-03 20:00:00,1.6488060693807018,1.6488060693807018,2026-03-04 00:00:00,1.6550035693807017,TP,1,0.0129,5.57,1
AUDCAD,LONG,2026-03-03 12:00:00,0.9610887355402143,0.957953328012349,2026-03-03 20:00:00,0.961983828012349,TP,2,0.047,13.72,2
GBPNZD,SHORT,2026-03-03 16:00:00,2.2700386911220614,2.2700386911220614,2026-03-03 20:00:00,2.262849691122061,TP,1,0.0113,4.73,1
AUDUSD,LONG,2026-03-03 12:00:00,0.701175,0.6982840798501061,2026-03-03 20:00:00,0.7021085798501061,TP,2,0.047,17.85,2
AUDCHF,SHORT,2026-03-02 16:00:00,0.5519558792094456,0.5519558792094456,2026-03-03 16:00:00,0.5492928792094456,TP,1,0.0212,7.14,6
EURAUD,LONG,2026-03-02 08:00:00,1.655734901334013,1.6516337830676704,2026-03-03 16:00:00,1.6573107830676703,TP,2,0.0282,11.15,8
NZDCHF,LONG,2026-02-27 12:00:00,0.46054500000000004,0.4595470016748383,2026-03-02 12:00:00,0.4610215016748383,TP,2,0.0552,10.28,6
NZDUSD,LONG,2026-03-02 08:00:00,0.5943487486760174,0.5943487486760174,2026-03-02 12:00:00,0.5965497486760173,TP,1,0.0252,5.47,1
EURCHF,LONG,2026-03-02 00:00:00,0.90619,0.9047960624298776,2026-03-02 12:00:00,0.9065855624298776,TP,2,0.0281,6.37,3
GBPNZD,LONG,2026-03-02 04:00:00,2.2469867027164514,2.2469867027164514,2026-03-02 12:00:00,2.2524092027164517,TP,1,0.0112,3.56,2
GBPCHF,LONG,2026-02-27 08:00:00,1.041437105671168,1.0368834860561629,2026-03-02 12:00:00,1.039803986056163,TP,3,0.0379,14.11,7
CADCHF,LONG,2026-02-27 12:00:00,0.5634320324821946,0.5625304218242884,2026-03-02 08:00:00,0.5636639218242884,TP,2,0.0451,6.48,5
AUDCHF,LONG,2026-03-02 00:00:00,0.543997371173371,0.543997371173371,2026-03-02 04:00:00,0.545997371173371,TP,1,0.0211,5.43,1
NZDCAD,LONG,2026-03-02 00:00:00,0.8146256800358149,0.8146256800358149,2026-03-02 04:00:00,0.8166731800358149,TP,1,0.0251,3.68,1
AUDCAD,LONG,2026-03-02 00:00:00,0.9633420049692476,0.9633420049692476,2026-03-02 04:00:00,0.9662990049692477,TP,1,0.0211,4.51,1
GBPNZD,LONG,2026-02-27 04:00:00,2.251025815307726,2.247227312118192,2026-03-02 00:00:00,2.252144812118192,TP,2,0.0245,7.14,5
EURAUD,LONG,2026-02-26 20:00:00,1.6596644286538182,1.6596644286538182,2026-03-02 00:00:00,1.6640324286538182,TP,1,0.0127,3.91,7
EURCHF,LONG,2026-02-27 12:00:00,0.9087000000000001,0.9076546448253634,2026-02-27 20:00:00,0.9089706448253634,TP,2,0.028,4.7,2
AUDCAD,SHORT,2026-02-26 20:00:00,0.9727071533728806,0.9727071533728806,2026-02-27 12:00:00,0.9701556533728806,TP,1,0.0211,3.88,4
AUDCHF,SHORT,2026-02-27 04:00:00,0.5507823671367875,0.5507823671367875,2026-02-27 12:00:00,0.5491103671367875,TP,1,0.0211,4.5,2
AUDUSD,SHORT,2026-02-27 04:00:00,0.7129024854839504,0.7129024854839504,2026-02-27 12:00:00,0.7103819854839504,TP,1,0.0211,5.24,2
EURCHF,SHORT,2026-02-26 12:00:00,0.9148950312892007,0.9148950312892007,2026-02-26 16:00:00,0.9137745312892007,TP,1,0.0127,1.8,1
AUDUSD,SHORT,2026-02-25 16:00:00,0.7118876597419185,0.7118876597419185,2026-02-26 16:00:00,0.7094801597419185,TP,1,0.0211,5.01,6
EURAUD,LONG,2026-02-25 16:00:00,1.6585800000000002,1.6585800000000002,2026-02-26 16:00:00,1.662704,TP,1,0.0127,3.67,6
AUDCHF,SHORT,2026-02-25 16:00:00,0.5499473096113621,0.5499473096113621,2026-02-26 16:00:00,0.5482493096113621,TP,1,0.0211,4.55,6
AUDCAD,SHORT,2026-02-25 16:00:00,0.9740300000000001,0.9740300000000001,2026-02-26 16:00:00,0.9716405,TP,1,0.0211,3.61,6
EURAUD,LONG,2026-02-25 04:00:00,1.65962,1.65962,2026-02-25 12:00:00,1.6644435,TP,1,0.0127,4.31,2
AUDCAD,SHORT,2026-02-25 04:00:00,0.97241,0.97241,2026-02-25 12:00:00,0.9697285,TP,1,0.0211,4.07,2
NZDCHF,LONG,2026-02-24 16:00:00,0.46033326096942884,0.46033326096942884,2026-02-24 20:00:00,0.4616607609694288,TP,1,0.0251,4.23,1
NZDUSD,LONG,2026-02-23 20:00:00,0.5952760243874003,0.5952760243874003,2026-02-24 16:00:00,0.5973490243874003,TP,1,0.0252,5.15,5
AUDCAD,SHORT,2026-02-20 16:00:00,0.9685758708716209,0.9685758708716209,2026-02-23 16:00:00,0.9658133708716209,TP,1,0.0212,4.21,6
GBPCAD,LONG,2026-02-18 20:00:00,1.847685,1.8453291066433157,2026-02-23 08:00:00,1.8485051066433156,TP,2,0.0245,5.61,15
GBPCHF,LONG,2026-02-23 00:00:00,1.0431850358651453,1.0431850358651453,2026-02-23 08:00:00,1.0452480358651455,TP,1,0.0111,2.92,2
AUDCHF,SHORT,2026-02-20 16:00:00,0.5486624709760867,0.5486624709760867,2026-02-23 00:00:00,0.5467839709760867,TP,1,0.0212,5.1,2
EURAUD,LONG,2026-02-20 16:00:00,1.66469,1.66469,2026-02-23 00:00:00,1.6697425,TP,1,0.0127,4.52,2
NZDUSD,LONG,2026-02-18 16:00:00,0.5983550000000001,0.5967102655755138,2026-02-23 00:00:00,0.5990877655755137,TP,2,0.0552,12.97,14
NZDCAD,LONG,2026-02-19 12:00:00,0.816383517982126,0.816383517982126,2026-02-23 00:00:00,0.818713017982126,TP,1,0.0251,4.21,9
EURAUD,LONG,2026-02-20 08:00:00,1.6661302950043053,1.6661302950043053,2026-02-20 12:00:00,1.6709802950043051,TP,1,0.0127,4.32,1
EURAUD,LONG,2026-02-19 00:00:00,1.6689900000000002,1.6689900000000002,2026-02-20 00:00:00,1.673397,TP,1,0.0127,3.9,6
AUDCAD,SHORT,2026-02-11 00:00:00,0.9605400000000001,0.9625277058344393,2026-02-20 00:00:00,0.9631432071392506,TP,2,0.0464,-2.23,42
EURCHF,LONG,2026-02-18 20:00:00,0.91093,0.91093,2026-02-19 08:00:00,0.912121,TP,1,0.0127,1.92,3
NZDCAD,LONG,2026-02-18 20:00:00,0.8167689051093345,0.8167689051093345,2026-02-19 08:00:00,0.8188649051093345,TP,1,0.0251,3.78,3
USDNOK,LONG,2026-02-18 12:00:00,9.478392168353352,9.478392168353352,2026-02-18 20:00:00,9.51212566835335,TP,1,0.015,5.26,2
NZDUSD,LONG,2026-02-18 08:00:00,0.5991176232723169,0.5991176232723169,2026-02-18 12:00:00,0.6011086232723168,TP,1,0.025,4.89,1
GBPCHF,LONG,2026-02-17 04:00:00,1.046695,1.0448685757071268,2026-02-18 08:00:00,1.0468745757071267,TP,2,0.0243,6.25,7
GBPCAD,LONG,2026-02-17 16:00:00,1.848895,1.848895,2026-02-18 08:00:00,1.85198,TP,1,0.0111,2.47,4
GBPNZD,LONG,2026-02-17 08:00:00,2.2494899999999998,2.2454633454619572,2026-02-18 00:00:00,2.2504103454619573,TP,2,0.0243,7.16,4
NZDCAD,SHORT,2026-02-17 20:00:00,0.8249042474550298,0.8249042474550298,2026-02-18 00:00:00,0.8231052474550298,TP,1,0.0248,3.19,1
NZDCAD,SHORT,2026-02-17 12:00:00,0.824628927376315,0.824628927376315,2026-02-17 16:00:00,0.822839427376315,TP,1,0.0249,3.19,1
GBPCAD,LONG,2026-02-17 08:00:00,1.850854587234038,1.850854587234038,2026-02-17 12:00:00,1.853909587234038,TP,1,0.011,2.43,1
USDNOK,LONG,2026-02-13 12:00:00,9.500940467335663,9.500940467335663,2026-02-17 12:00:00,9.535217967335663,TP,1,0.015,5.32,12
GBPNZD,LONG,2026-02-06 16:00:00,2.26085,2.2563548933199655,2026-02-16 00:00:00,2.2613823933199657,TP,2,0.0242,7.27,32
USDNOK,LONG,2026-02-09 12:00:00,9.6062925,9.531048385026741,2026-02-13 08:00:00,9.57061438502674,TP,3,0.051,21.04,23
AUDUSD,SHORT,2026-02-09 00:00:00,0.702963689125715,0.708246987883982,2026-02-13 08:00:00,0.705475487883982,TP,3,0.072,19.73,26
EURAUD,LONG,2026-02-09 16:00:00,1.6801400000000002,1.6761363765182868,2026-02-13 08:00:00,1.6811553765182867,TP,2,0.0277,9.75,22
CADCHF,LONG,2026-02-12 16:00:00,0.5641108687260542,0.5641108687260542,2026-02-13 08:00:00,0.5658133687260543,TP,1,0.0204,4.46,4
NZDCAD,SHORT,2026-02-12 16:00:00,0.8243043931528062,0.8243043931528062,2026-02-12 20:00:00,0.8222073931528062,TP,1,0.0249,3.76,1
NZDUSD,SHORT,2026-02-11 16:00:00,0.6060795546240543,0.6060795546240543,2026-02-12 16:00:00,0.6038015546240543,TP,1,0.0248,5.57,6
GBPCAD,LONG,2026-02-11 20:00:00,1.850185,1.850185,2026-02-12 16:00:00,1.854077,TP,1,0.011,3.11,5
AUDCHF,SHORT,2026-02-11 12:00:00,0.54833,0.54833,2026-02-12 16:00:00,0.546262,TP,1,0.0211,5.6,7
GBPCHF,LONG,2026-02-09 00:00:00,1.0541348776601283,1.0518728701004982,2026-02-11 16:00:00,1.0545731988288214,TP,2,0.0243,8.44,16
EURCHF,LONG,2026-02-09 12:00:00,0.91525,0.914015321926741,2026-02-11 16:00:00,0.9157973219267409,TP,2,0.0277,6.33,13
GBPCAD,LONG,2026-02-06 08:00:00,1.857002277416778,1.8534127823176456,2026-02-11 16:00:00,1.8572282823176456,TP,2,0.0242,6.75,20
NZDUSD,SHORT,2026-02-09 16:00:00,0.6049749999999999,0.6049749999999999,2026-02-11 12:00:00,0.603007,TP,1,0.0248,4.8,11
AUDCHF,SHORT,2026-02-11 04:00:00,0.5459694821143096,0.5459694821143096,2026-02-11 08:00:00,0.5440294821143097,TP,1,0.0211,5.28,1
NZDCHF,LONG,2026-02-10 16:00:00,0.4618869789737124,0.4618869789737124,2026-02-10 20:00:00,0.46351697897371236,TP,1,0.0248,5.19,1
CADCHF,LONG,2026-02-09 12:00:00,0.5652149999999999,0.5652149999999999,2026-02-10 16:00:00,0.5666644999999999,TP,1,0.0204,3.79,7
AUDCAD,SHORT,2026-02-06 16:00:00,0.9579494476614799,0.9604524862818948,2026-02-10 16:00:00,0.9578469862818948,TP,2,0.0468,8.86,12
EURAUD,LONG,2026-02-06 16:00:00,1.6832900000000002,1.6832900000000002,2026-02-09 12:00:00,1.6890525,TP,1,0.0127,5.12,5
AUDCHF,SHORT,2026-02-09 00:00:00,0.5457788692570589,0.5457788692570589,2026-02-09 08:00:00,0.543401369257059,TP,1,0.0214,6.51,2
NZDCAD,SHORT,2026-02-09 00:00:00,0.8234778284831515,0.8234778284831515,2026-02-09 08:00:00,0.8213388284831515,TP,1,0.0249,3.83,2
GBPCHF,LONG,2026-02-05 08:00:00,1.056145,1.0539368286102322,2026-02-06 08:00:00,1.0566193286102323,TP,2,0.0243,8.3,6
USDNOK,SHORT,2026-02-05 16:00:00,9.787865870476955,9.787865870476955,2026-02-06 08:00:00,9.743772370476956,TP,1,0.015,6.76,4
EURCHF,LONG,2026-02-03 12:00:00,0.9169900000000001,0.9156348302967987,2026-02-06 08:00:00,0.9171288302967987,TP,2,0.028,5.28,17
NZDCAD,LONG,2026-02-06 00:00:00,0.8139816740208832,0.8139816740208832,2026-02-06 04:00:00,0.8163841740208831,TP,1,0.0252,4.34,1
NZDUSD,LONG,2026-02-06 00:00:00,0.5943673346877337,0.5943673346877337,2026-02-06 04:00:00,0.5969303346877337,TP,1,0.0252,6.38,1
NZDCHF,LONG,2026-02-06 00:00:00,0.4620857721759885,0.4620857721759885,2026-02-06 04:00:00,0.4638092721759885,TP,1,0.0252,5.52,1
GBPCAD,LONG,2026-02-05 16:00:00,1.852815,1.852815,2026-02-06 04:00:00,1.856684,TP,1,0.0111,3.09,3
GBPNZD,LONG,2026-02-05 08:00:00,2.2663869834876516,2.2663869834876516,2026-02-05 20:00:00,2.2732249834876517,TP,1,0.0111,4.47,3
EURAUD,LONG,2026-02-02 16:00:00,1.6956837351187883,1.6889502254010929,2026-02-05 16:00:00,1.6953417254010927,TP,2,0.028,12.37,18
GBPCAD,LONG,2026-02-05 08:00:00,1.858255,1.858255,2026-02-05 12:00:00,1.861853,TP,1,0.0111,2.88,1
GBPNZD,LONG,2026-01-28 08:00:00,2.28597,2.273722719291077,2026-02-05 04:00:00,2.2797571664871477,TP,3,0.0371,13.28,35
NZDCHF,SHORT,2026-02-02 16:00:00,0.4680735911813696,0.4680735911813696,2026-02-04 16:00:00,0.46635759118136966,TP,1,0.025,5.44,12
AUDCHF,SHORT,2026-02-04 00:00:00,0.5451922297171123,0.5451922297171123,2026-02-04 16:00:00,0.5426432297171124,TP,1,0.0213,6.94,4
AUDUSD,SHORT,2026-02-03 04:00:00,0.702672265826581,0.702672265826581,2026-02-04 16:00:00,0.698655265826581,TP,1,0.0214,8.54,9
AUDCAD,SHORT,2026-02-03 04:00:00,0.9572700000000001,0.9572700000000001,2026-02-04 16:00:00,0.953535,TP,1,0.0214,5.78,9
NZDUSD,SHORT,2026-02-03 08:00:00,0.6051548740633205,0.6051548740633205,2026-02-04 08:00:00,0.6021753740633206,TP,1,0.0249,7.33,6
NZDCAD,SHORT,2026-02-02 16:00:00,0.8218888400576434,0.8242421121690973,2026-02-04 08:00:00,0.8216321121690973,TP,2,0.0548,10.32,10
AUDCHF,SHORT,2026-02-02 16:00:00,0.5434659665229352,0.5458458568709493,2026-02-03 16:00:00,0.5430273568709494,TP,2,0.0473,17.05,6
GBPCHF,LONG,2026-01-26 00:00:00,1.0620923694776638,1.0596301178952878,2026-02-02 08:00:00,1.0613092047717283,TP,2,0.024,5.13,32
GBPCAD,LONG,2026-01-30 16:00:00,1.8570897716753614,1.8570897716753614,2026-01-30 20:00:00,1.8618652716753614,TP,1,0.0109,3.8,1
EURAUD,LONG,2026-01-30 12:00:00,1.7009882457578362,1.7009882457578362,2026-01-30 20:00:00,1.708379745757836,TP,1,0.0126,6.44,2
EURAUD,LONG,2026-01-29 20:00:00,1.69802,1.69802,2026-01-30 04:00:00,1.7046215,TP,1,0.0125,5.75,2
AUDCHF,SHORT,2026-01-29 16:00:00,0.5420597574185474,0.5420597574185474,2026-01-29 20:00:00,0.5396162574185475,TP,1,0.0214,6.77,1
EURAUD,LONG,2026-01-29 12:00:00,1.69226,1.69226,2026-01-29 16:00:00,1.6978185,TP,1,0.0125,4.86,1
AUDCHF,SHORT,2026-01-29 04:00:00,0.5427099999999999,0.5427099999999999,2026-01-29 12:00:00,0.540603,TP,1,0.0212,5.75,2
EURAUD,LONG,2026-01-29 04:00:00,1.6903800000000002,1.6903800000000002,2026-01-29 08:00:00,1.69574,TP,1,0.0125,4.7,1
AUDCHF,SHORT,2026-01-28 20:00:00,0.5411236552978642,0.5411236552978642,2026-01-29 00:00:00,0.5389411552978642,TP,1,0.0213,6.0,1
EURAUD,LONG,2026-01-28 20:00:00,1.69767,1.69767,2026-01-29 00:00:00,1.7024229999999998,TP,1,0.0125,4.15,1
EURAUD,LONG,2026-01-21 16:00:00,1.7310979983109298,1.7228750037532439,2026-01-28 16:00:00,1.7048470037532437,SL,3,0.0436,-55.1,30
GBPCAD,SHORT,2026-01-23 20:00:00,1.8695561734914052,1.8731626422299905,2026-01-28 12:00:00,1.8684616422299907,TP,2,0.0241,8.3,16
NZDCHF,LONG,2026-01-27 20:00:00,0.4598797646939166,0.4598797646939166,2026-01-28 08:00:00,0.4615327646939166,TP,1,0.0248,5.27,3
AUDCAD,SHORT,2026-01-22 20:00:00,0.94289,0.94289,2026-01-27 20:00:00,0.951576,SL,1,0.0219,-14.09,18
CADCHF,LONG,2026-01-23 20:00:00,0.569375,0.5680515947541493,2026-01-27 20:00:00,0.5603085947541494,SL,2,0.0452,-46.1,12
EURCHF,LONG,2026-01-23 20:00:00,0.923,0.9215138166851378,2026-01-27 04:00:00,0.9234328166851378,TP,2,0.0279,6.79,8
NZDCHF,SHORT,2026-01-21 16:00:00,0.463650253499408,0.46489934795333937,2026-01-23 20:00:00,0.4635548479533394,TP,2,0.0564,9.55,13
AUDCHF,SHORT,2026-01-22 00:00:00,0.54064,0.54064,2026-01-23 20:00:00,0.5388235,TP,1,0.0221,5.07,11
USDNOK,LONG,2026-01-20 08:00:00,10.0197225,9.969095598930481,2026-01-23 12:00:00,9.832721098930481,SL,3,0.051,-70.86,19
AUDUSD,SHORT,2026-01-20 04:00:00,0.673575,0.6768876790556811,2026-01-23 00:00:00,0.6846606790556812,SL,3,0.0753,-58.76,17
AUDCAD,SHORT,2026-01-21 08:00:00,0.93378,0.9352273973132519,2026-01-22 16:00:00,0.9429193973132518,SL,2,0.0487,-27.33,8
GBPCAD,LONG,2026-01-22 12:00:00,1.8533250000000001,1.8533250000000001,2026-01-22 16:00:00,1.856808,TP,1,0.0112,2.79,1
GBPCHF,LONG,2026-01-22 12:00:00,1.063663060903017,1.063663060903017,2026-01-22 16:00:00,1.0667295609030172,TP,1,0.0112,4.3,1
GBPNZD,LONG,2026-01-20 08:00:00,2.30838,2.30838,2026-01-22 12:00:00,2.28537,SL,1,0.0111,-15.11,13
NZDUSD,SHORT,2026-01-19 12:00:00,0.5787518800414871,0.5817749952795912,2026-01-22 12:00:00,0.5887659952795913,SL,3,0.0876,-61.5,18
NZDCAD,SHORT,2026-01-19 00:00:00,0.8015318972421749,0.8050361695155187,2026-01-22 12:00:00,0.8124951695155187,SL,3,0.0879,-47.73,21
GBPCAD,LONG,2026-01-21 12:00:00,1.854095,1.854095,2026-01-21 20:00:00,1.857549,TP,1,0.0112,2.75,2
AUDCHF,SHORT,2026-01-21 16:00:00,0.5377969529160812,0.5377969529160812,2026-01-21 20:00:00,0.5360659529160813,TP,1,0.0222,4.76,1
EURCHF,LONG,2026-01-19 00:00:00,0.9287619663197922,0.9276815793738313,2026-01-21 16:00:00,0.9291930793738313,TP,2,0.0283,5.3,16
GBPCHF,LONG,2026-01-20 08:00:00,1.065365,1.0635671627463255,2026-01-21 16:00:00,1.0661846627463254,TP,2,0.0245,8.01,8
CADCHF,LONG,2026-01-20 08:00:00,0.571755,0.571755,2026-01-21 12:00:00,0.5730635000000001,TP,1,0.0207,3.37,7
AUDCHF,LONG,2026-01-20 08:00:00,0.53196,0.53196,2026-01-21 08:00:00,0.5334684999999999,TP,1,0.0223,4.17,6
EURAUD,SHORT,2026-01-20 12:00:00,1.746568856444536,1.746568856444536,2026-01-20 16:00:00,1.7426868564445361,TP,1,0.0128,3.31,1
NZDCHF,SHORT,2026-01-19 20:00:00,0.462571460374316,0.46348894557417153,2026-01-20 08:00:00,0.4623439455741716,TP,2,0.0567,8.05,3
EURAUD,LONG,2026-01-20 04:00:00,1.7315,1.7315,2026-01-20 08:00:00,1.734786,TP,1,0.0129,2.8,1
AUDCAD,SHORT,2026-01-20 04:00:00,0.93298,0.93298,2026-01-20 08:00:00,0.931082,TP,1,0.0223,2.99,1
GBPNZD,LONG,2026-01-16 04:00:00,2.32563,2.3221782704986156,2026-01-20 04:00:00,2.304226270498616,SL,2,0.0246,-25.88,12
GBPCHF,LONG,2026-01-19 00:00:00,1.0695254592258308,1.0695254592258308,2026-01-19 08:00:00,1.0717604592258307,TP,1,0.0112,3.1,2
CADCHF,LONG,2026-01-19 00:00:00,0.5742149532501938,0.5742149532501938,2026-01-19 08:00:00,0.5753564532501938,TP,1,0.0208,2.92,2
NZDCHF,SHORT,2026-01-16 00:00:00,0.46176680254183083,0.46176680254183083,2026-01-19 00:00:00,0.46072880254183085,TP,1,0.0261,3.31,6
AUDCAD,SHORT,2026-01-15 16:00:00,0.9315300000000001,0.9315300000000001,2026-01-16 16:00:00,0.929401,TP,1,0.0224,3.35,6
EURAUD,LONG,2026-01-15 16:00:00,1.73146,1.73146,2026-01-16 12:00:00,1.7351884999999998,TP,1,0.0129,3.19,5
AUDCHF,SHORT,2026-01-15 16:00:00,0.53835,0.53835,2026-01-16 12:00:00,0.536926,TP,1,0.0224,3.91,5
USDNOK,SHORT,2026-01-15 16:00:00,10.12047543710802,10.12047543710802,2026-01-16 08:00:00,10.09884643710802,TP,1,0.015,3.17,4
CADCHF,SHORT,2026-01-15 16:00:00,0.5782740914589715,0.5782740914589715,2026-01-16 08:00:00,0.5771720914589714,TP,1,0.0208,2.8,4
NZDUSD,LONG,2026-01-15 12:00:00,0.572995,0.572995,2026-01-15 16:00:00,0.5744355,TP,1,0.0262,3.69,1
AUDCAD,SHORT,2026-01-15 08:00:00,0.9308687180855896,0.9308687180855896,2026-01-15 12:00:00,0.9290052180855896,TP,1,0.0224,2.93,1
NZDUSD,LONG,2026-01-15 04:00:00,0.5731475664164759,0.5731475664164759,2026-01-15 08:00:00,0.5745525664164759,TP,1,0.0262,3.6,1
GBPCAD,SHORT,2026-01-05 12:00:00,1.856185,1.8625828533895543,2026-01-14 20:00:00,1.8624924455547593,TP,3,0.0378,0.13,44
GBPCHF,SHORT,2026-01-13 08:00:00,1.0753952948343712,1.076897586240135,2026-01-14 16:00:00,1.074914586240135,TP,2,0.0245,6.0,8
GBPNZD,SHORT,2026-01-14 12:00:00,2.3432737170236204,2.3432737170236204,2026-01-14 16:00:00,2.3391057170236205,TP,1,0.0112,2.64,1
NZDUSD,LONG,2026-01-13 16:00:00,0.5736813324887966,0.5736813324887966,2026-01-14 16:00:00,0.5752548324887965,TP,1,0.0261,4.03,6
EURCHF,SHORT,2026-01-13 16:00:00,0.932653080836048,0.9335098026773387,2026-01-14 16:00:00,0.9323598026773388,TP,2,0.0283,3.99,6
AUDCHF,SHORT,2026-01-05 16:00:00,0.5321956202667509,0.5347162227080714,2026-01-14 16:00:00,0.5341280295807637,TP,3,0.076,5.36,42
AUDCAD,SHORT,2026-01-09 16:00:00,0.9287580132475356,0.9304056909017091,2026-01-13 16:00:00,0.9286341909017091,TP,2,0.0493,6.13,12
NZDCAD,SHORT,2026-01-12 12:00:00,0.7997407377332112,0.7997407377332112,2026-01-13 16:00:00,0.7980977377332112,TP,1,0.026,3.0,7
EURAUD,LONG,2026-01-02 20:00:00,1.7509700000000001,1.7438962095496138,2026-01-13 16:00:00,1.7437318800500792,TP,3,0.0435,-0.61,41
CADCHF,LONG,2026-01-12 08:00:00,0.5739020837443409,0.5739020837443409,2026-01-13 04:00:00,0.575020583744341,TP,1,0.0208,2.86,5
GBPCHF,SHORT,2026-01-05 08:00:00,1.070475,1.0722131980614695,2026-01-12 08:00:00,1.0709863152633863,TP,2,0.0245,3.69,30
GBPNZD,SHORT,2026-01-09 08:00:00,2.340955274740274,2.340955274740274,2026-01-12 00:00:00,2.336372274740274,TP,1,0.0112,2.91,4
NZDUSD,LONG,2026-01-08 08:00:00,0.5744950000000001,0.5732960078312814,2026-01-12 00:00:00,0.5748400078312813,TP,2,0.0575,8.7,10
EURCHF,SHORT,2026-01-09 16:00:00,0.9325072621375815,0.9325072621375815,2026-01-12 00:00:00,0.9314712621375816,TP,1,0.0129,1.63,2
USDNOK,SHORT,2026-01-09 12:00:00,10.122357795578141,10.122357795578141,2026-01-09 16:00:00,10.09515629557814,TP,1,0.015,3.99,1
AUDCAD,SHORT,2026-01-08 16:00:00,0.92834,0.92834,2026-01-09 12:00:00,0.9262065,TP,1,0.0224,3.38,5
USDNOK,SHORT,2026-01-08 08:00:00,10.1176575,10.1176575,2026-01-08 16:00:00,10.090587000000001,TP,1,0.015,3.98,2
NZDCAD,SHORT,2026-01-06 20:00:00,0.798915,0.798915,2026-01-08 08:00:00,0.797119,TP,1,0.0259,3.28,9
AUDUSD,SHORT,2026-01-05 16:00:00,0.6714981299694647,0.6730085442810633,2026-01-08 04:00:00,0.6710700442810633,TP,2,0.049,9.36,15
NZDCHF,SHORT,2026-01-07 12:00:00,0.4611260327682711,0.4611260327682711,2026-01-08 00:00:00,0.45992903276827113,TP,1,0.0259,3.81,3
AUDCAD,SHORT,2026-01-07 04:00:00,0.9326500000000001,0.9326500000000001,2026-01-07 12:00:00,0.9303445,TP,1,0.0222,3.65,2
GBPNZD,SHORT,2025-12-29 08:00:00,2.3243553202951355,2.3282353132949374,2026-01-07 12:00:00,2.3298003077813396,TP,2,0.0245,-2.29,37
AUDCAD,SHORT,2026-01-05 08:00:00,0.9203362142238469,0.9238973950935324,2026-01-07 00:00:00,0.9325493950935324,SL,3,0.076,-47.82,10
NZDCAD,SHORT,2026-01-06 00:00:00,0.7977514270257099,0.7977514270257099,2026-01-06 16:00:00,0.7959489270257099,TP,1,0.0259,3.31,4
USDNOK,LONG,2026-01-06 08:00:00,10.007843191167828,10.007843191167828,2026-01-06 12:00:00,10.032746191167828,TP,1,0.015,3.68,1
EURCHF,LONG,2026-01-05 12:00:00,0.9276128997843505,0.9276128997843505,2026-01-05 16:00:00,0.9289598997843505,TP,1,0.0128,2.15,1
NZDUSD,LONG,2026-01-02 20:00:00,0.5760981417053713,0.5760981417053713,2026-01-05 16:00:00,0.5777246417053713,TP,1,0.026,4.15,5
NZDCAD,LONG,2026-01-05 00:00:00,0.7909820499456262,0.7909820499456262,2026-01-05 08:00:00,0.7927565499456262,TP,1,0.0261,3.28,2
EURCHF,LONG,2026-01-05 00:00:00,0.92757,0.92757,2026-01-05 08:00:00,0.92875,TP,1,0.0128,1.86,2
AUDCAD,SHORT,2026-01-02 16:00:00,0.9199426822952574,0.9199426822952574,2026-01-02 20:00:00,0.9182471822952574,TP,1,0.0224,2.7,1
NZDCAD,LONG,2025-12-30 20:00:00,0.793095,0.7918234489948615,2026-01-02 16:00:00,0.7934889489948614,TP,2,0.0571,6.75,11
NZDUSD,LONG,2025-12-31 04:00:00,0.5772750000000001,0.5760469411938652,2026-01-02 16:00:00,0.5775784411938651,TP,2,0.0573,8.6,9
EURAUD,LONG,2026-01-02 08:00:00,1.74981,1.74981,2026-01-02 16:00:00,1.7535365,TP,1,0.0128,3.15,2
AUDCHF,SHORT,2026-01-02 08:00:00,0.5317258523047794,0.5317258523047794,2026-01-02 16:00:00,0.5303563523047795,TP,1,0.0224,3.81,2
NZDCHF,LONG,2025-12-31 12:00:00,0.45688512125014974,0.45688512125014974,2026-01-02 12:00:00,0.45806662125014974,TP,1,0.026,3.8,6
GBPCAD,LONG,2025-12-31 16:00:00,1.8393609606667287,1.8393609606667287,2025-12-31 20:00:00,1.8428594606667286,TP,1,0.0112,2.81,1
AUDUSD,SHORT,2025-12-22 16:00:00,0.665655,0.6682755176436486,2025-12-31 12:00:00,0.668037997140795,TP,3,0.0762,1.58,35
GBPCAD,LONG,2025-12-31 08:00:00,1.8400694817551693,1.8400694817551693,2025-12-31 12:00:00,1.8432464817551693,TP,1,0.0112,2.56,1
EURAUD,LONG,2025-12-30 16:00:00,1.7538600000000002,1.7538600000000002,2025-12-31 12:00:00,1.7570700000000001,TP,1,0.0128,2.7,5
USDNOK,LONG,2025-12-23 08:00:00,10.077552500000001,10.054195045454547,2025-12-30 16:00:00,10.063488159587623,TP,2,0.033,2.96,26
EURAUD,LONG,2025-12-30 04:00:00,1.75387,1.75387,2025-12-30 12:00:00,1.7571344999999998,TP,1,0.0127,2.75,2
NZDCAD,LONG,2025-12-29 12:00:00,0.793585,0.793585,2025-12-30 04:00:00,0.7950545,TP,1,0.0259,2.7,4
NZDCHF,LONG,2025-12-29 16:00:00,0.45743211292429364,0.45743211292429364,2025-12-29 20:00:00,0.4585356129242936,TP,1,0.0258,3.54,1
EURCHF,LONG,2025-12-18 12:00:00,0.9320811835537307,0.9299636950151686,2025-12-29 12:00:00,0.9307431134121978,TP,3,0.0433,4.14,36
NZDCHF,LONG,2025-12-29 08:00:00,0.4576916129596367,0.4576916129596367,2025-12-29 12:00:00,0.4587401129596366,TP,1,0.0258,3.35,1
AUDCHF,SHORT,2025-12-29 04:00:00,0.5304399999999999,0.5304399999999999,2025-12-29 08:00:00,0.5292474999999999,TP,1,0.0223,3.31,1
NZDUSD,SHORT,2025-12-23 00:00:00,0.5806749999999999,0.5819534432627436,2025-12-29 08:00:00,0.5806449262390404,TP,2,0.0567,7.24,20
AUDCAD,SHORT,2025-12-29 04:00:00,0.918622177694905,0.918622177694905,2025-12-29 08:00:00,0.9171246776949049,TP,1,0.0223,2.38,1
EURAUD,LONG,2025-12-23 08:00:00,1.7620300000000002,1.7596458700578037,2025-12-29 04:00:00,1.7488918700578036,SL,2,0.028,-20.29,17
AUDCAD,SHORT,2025-12-23 08:00:00,0.9170833150665634,0.9170833150665634,2025-12-26 00:00:00,0.9156903150665633,TP,1,0.0224,2.22,10
AUDCHF,SHORT,2025-12-24 16:00:00,0.5297228288920085,0.5297228288920085,2025-12-24 20:00:00,0.5286403288920085,TP,1,0.0224,3.01,1
CADCHF,LONG,2025-12-24 00:00:00,0.5747246770875881,0.5747246770875881,2025-12-24 04:00:00,0.5757856770875882,TP,1,0.0205,2.7,1
GBPCAD,SHORT,2025-12-23 08:00:00,1.8534953803342669,1.8534953803342669,2025-12-23 12:00:00,1.849605880334267,TP,1,0.0111,3.12,1
CADCHF,LONG,2025-12-23 04:00:00,0.5749714853658455,0.5749714853658455,2025-12-23 12:00:00,0.5760194853658456,TP,1,0.0206,2.67,2
AUDCAD,LONG,2025-12-15 00:00:00,0.9142736024348543,0.9127216387406515,2025-12-22 04:00:00,0.9136749609605538,TP,2,0.0498,3.29,31
GBPNZD,SHORT,2025-12-19 08:00:00,2.3275300000000003,2.3275300000000003,2025-12-22 04:00:00,2.3211235,TP,1,0.0112,4.11,5
EURAUD,SHORT,2025-12-15 16:00:00,1.7696250556673496,1.772684709014383,2025-12-22 00:00:00,1.769188498652159,TP,2,0.0281,6.41,26
NZDCAD,LONG,2025-12-19 08:00:00,0.793015,0.793015,2025-12-22 00:00:00,0.7947915000000001,TP,1,0.0261,3.28,4
NZDUSD,LONG,2025-12-19 12:00:00,0.5742515151776328,0.5742515151776328,2025-12-19 16:00:00,0.5758935151776328,TP,1,0.0261,4.21,1
CADCHF,LONG,2025-12-18 12:00:00,0.5754823507219786,0.5754823507219786,2025-12-18 16:00:00,0.5767743507219786,TP,1,0.0207,3.3,1
GBPNZD,SHORT,2025-12-18 12:00:00,2.325306074510431,2.325306074510431,2025-12-18 16:00:00,2.318579074510431,TP,1,0.0112,4.3,1
NZDCAD,LONG,2025-12-18 00:00:00,0.7941720958874353,0.7941720958874353,2025-12-18 12:00:00,0.7961445958874354,TP,1,0.026,3.65,3
USDNOK,SHORT,2025-12-16 20:00:00,10.184885315170229,10.20698031517023,2025-12-18 12:00:00,10.18111031517023,TP,2,0.033,8.31,10
GBPCAD,LONG,2025-12-17 08:00:00,1.835825,1.835825,2025-12-17 12:00:00,1.8394765,TP,1,0.0113,2.95,1
GBPNZD,SHORT,2025-12-16 12:00:00,2.3201159580901423,2.3201159580901423,2025-12-17 08:00:00,2.314440458090142,TP,1,0.0112,3.63,5
USDNOK,SHORT,2025-12-16 12:00:00,10.179456623805818,10.179456623805818,2025-12-16 16:00:00,10.152430123805818,TP,1,0.015,3.94,1
GBPCAD,LONG,2025-12-12 08:00:00,1.8416009233198405,1.8416009233198405,2025-12-16 08:00:00,1.8446104233198404,TP,1,0.0112,2.42,12
GBPCHF,LONG,2025-12-11 16:00:00,1.0647309396279268,1.0647309396279268,2025-12-16 08:00:00,1.066663182968862,TP,1,0.0112,2.68,16
NZDCHF,LONG,2025-12-16 00:00:00,0.45877500000000004,0.45877500000000004,2025-12-16 04:00:00,0.4602115,TP,1,0.026,4.62,1
AUDCHF,LONG,2025-12-16 00:00:00,0.527,0.527,2025-12-16 04:00:00,0.5285584999999999,TP,1,0.0227,4.37,1
GBPNZD,SHORT,2025-12-16 00:00:00,2.31861,2.31861,2025-12-16 04:00:00,2.312947,TP,1,0.0112,3.64,1
AUDUSD,SHORT,2025-12-11 08:00:00,0.665115,0.665115,2025-12-16 00:00:00,0.6631212283501309,TP,1,0.0226,4.43,16
NZDCAD,LONG,2025-12-15 00:00:00,0.796943858507328,0.796943858507328,2025-12-15 04:00:00,0.798761358507328,TP,1,0.0258,3.33,1
NZDCHF,LONG,2025-12-15 00:00:00,0.4604061432950536,0.4604061432950536,2025-12-15 04:00:00,0.46162864329505354,TP,1,0.0258,3.89,1
NZDUSD,SHORT,2025-12-04 16:00:00,0.577255,0.5785448702069989,2025-12-15 04:00:00,0.5779697314882369,TP,2,0.0569,3.1,39
EURAUD,SHORT,2025-12-12 16:00:00,1.7681375029827768,1.7681375029827768,2025-12-15 00:00:00,1.764092502982777,TP,1,0.0128,3.4,2
AUDCHF,LONG,2025-12-12 16:00:00,0.5280121634273588,0.5280121634273588,2025-12-12 20:00:00,0.5295046634273587,TP,1,0.0225,4.16,1
EURCHF,LONG,2025-12-11 12:00:00,0.9327483855906309,0.9327483855906309,2025-12-12 16:00:00,0.9340103855906309,TP,1,0.0128,1.99,7
USDNOK,LONG,2025-12-11 16:00:00,10.063012500000001,10.063012500000001,2025-12-12 08:00:00,10.089777,TP,1,0.015,3.93,4
CADCHF,LONG,2025-12-11 16:00:00,0.5757796107034143,0.5757796107034143,2025-12-11 20:00:00,0.5769971107034143,TP,1,0.0207,3.1,1
USDNOK,LONG,2025-12-10 20:00:00,10.077977624859377,10.077977624859377,2025-12-11 04:00:00,10.101559124859376,TP,1,0.015,3.45,2
GBPNZD,LONG,2025-12-10 20:00:00,2.298543706213433,2.298543706213433,2025-12-11 04:00:00,2.3037847062134333,TP,1,0.0112,3.37,2
EURAUD,LONG,2025-12-03 20:00:00,1.76794,1.7614061194851425,2025-12-11 04:00:00,1.7606379155653982,TP,3,0.0437,-2.36,32
NZDCHF,SHORT,2025-12-10 20:00:00,0.4652182679057968,0.4652182679057968,2025-12-11 04:00:00,0.4640452679057968,TP,1,0.0258,3.71,2
AUDUSD,SHORT,2025-12-09 16:00:00,0.663855,0.6651689619886436,2025-12-11 04:00:00,0.6633929619886436,TP,2,0.0496,8.65,9
GBPCHF,SHORT,2025-12-03 08:00:00,1.064786803782477,1.0685285584468445,2025-12-11 04:00:00,1.0689588326512263,TP,3,0.0383,-2.17,35
AUDCHF,SHORT,2025-12-10 20:00:00,0.5339499999999999,0.5339499999999999,2025-12-11 00:00:00,0.5326055,TP,1,0.0225,3.71,1
GBPCAD,LONG,2025-12-09 12:00:00,1.842745,1.842745,2025-12-10 16:00:00,1.846417,TP,1,0.0113,2.96,7
CADCHF,SHORT,2025-12-10 12:00:00,0.5807016568289745,0.5807016568289745,2025-12-10 16:00:00,0.5792906568289744,TP,1,0.0208,3.59,1
EURCHF,SHORT,2025-12-05 04:00:00,0.9360799999999999,0.936936850760356,2025-12-10 12:00:00,0.9357998507603561,TP,2,0.0283,3.92,20
NZDCHF,SHORT,2025-12-10 08:00:00,0.46584499999999995,0.46584499999999995,2025-12-10 12:00:00,0.464771,TP,1,0.0259,3.39,1
AUDCHF,SHORT,2025-12-09 08:00:00,0.53528,0.53528,2025-12-10 12:00:00,0.5340195,TP,1,0.0226,3.47,7
CADCHF,SHORT,2025-12-09 08:00:00,0.582045,0.582045,2025-12-10 08:00:00,0.5806975,TP,1,0.0208,3.41,6
GBPNZD,LONG,2025-12-09 12:00:00,2.301094211556002,2.301094211556002,2025-12-10 04:00:00,2.305978211556002,TP,1,0.0113,3.14,4
NZDCHF,SHORT,2025-12-08 04:00:00,0.464755,0.46567027966157615,2025-12-10 04:00:00,0.46456277966157616,TP,2,0.057,7.66,12
GBPNZD,LONG,2025-12-09 04:00:00,2.3023652316772845,2.3023652316772845,2025-12-09 08:00:00,2.3070892316772844,TP,1,0.0113,3.04,1
AUDCHF,SHORT,2025-12-03 20:00:00,0.5277499999999999,0.5301893811613407,2025-12-09 04:00:00,0.5353393811613407,SL,3,0.077,-49.49,20
CADCHF,SHORT,2025-12-05 20:00:00,0.5820350000000001,0.583204487047766,2025-12-09 04:00:00,0.5817894870477659,TP,2,0.0457,7.88,8
GBPCAD,LONG,2025-12-05 16:00:00,1.844295,1.84103619791047,2025-12-08 20:00:00,1.8450621979104698,TP,2,0.0248,7.12,7
GBPNZD,LONG,2025-12-08 00:00:00,2.3039199999999997,2.3039199999999997,2025-12-08 16:00:00,2.3088944999999996,TP,1,0.0112,3.2,4
NZDCHF,SHORT,2025-11-26 00:00:00,0.45736499999999997,0.4600222499276477,2025-12-08 00:00:00,0.4648032499276477,SL,3,0.0891,-53.27,48
NZDCAD,SHORT,2025-11-26 00:00:00,0.798305,0.8021275629759782,2025-12-05 16:00:00,0.8013269627872828,TP,3,0.0893,4.9,46
AUDCAD,SHORT,2025-12-03 20:00:00,0.92079,0.9222224532288885,2025-12-05 16:00:00,0.9204659532288885,TP,2,0.0499,6.19,11
CADCHF,SHORT,2025-12-04 16:00:00,0.5755340415460268,0.576381699566106,2025-12-05 16:00:00,0.5812046995661059,SL,2,0.0459,-27.65,6
GBPCAD,SHORT,2025-12-05 04:00:00,1.8613849999999998,1.8613849999999998,2025-12-05 12:00:00,1.8579115,TP,1,0.0112,2.78,2
GBPCAD,SHORT,2025-12-03 16:00:00,1.8603049999999999,1.8630631003052454,2025-12-05 00:00:00,1.8595121003052455,TP,2,0.0247,6.22,8
EURCHF,SHORT,2025-11-19 12:00:00,0.928960886218046,0.9316734627580272,2025-12-05 00:00:00,0.9360274627580273,SL,3,0.0442,-24.07,69
USDNOK,LONG,2025-12-04 16:00:00,10.080465827882227,10.080465827882227,2025-12-04 20:00:00,10.104575827882226,TP,1,0.015,3.53,1
AUDUSD,SHORT,2025-11-27 00:00:00,0.653115,0.6561728721303612,2025-12-04 16:00:00,0.6623898721303613,SL,3,0.0778,-48.57,34
USDNOK,LONG,2025-12-03 08:00:00,10.093742500000001,10.072979090909092,2025-12-04 12:00:00,10.09597809090909,TP,2,0.033,7.42,7
NZDUSD,SHORT,2025-12-03 20:00:00,0.577355,0.577355,2025-12-04 12:00:00,0.5758415,TP,1,0.026,3.85,4
NZDUSD,SHORT,2025-11-26 00:00:00,0.566785,0.570408552712416,2025-12-03 16:00:00,0.5766355527124161,SL,3,0.0894,-55.93,34
AUDCHF,SHORT,2025-12-03 04:00:00,0.52789,0.52789,2025-12-03 16:00:00,0.526707,TP,1,0.0228,3.3,3
AUDCAD,SHORT,2025-12-03 04:00:00,0.91969,0.91969,2025-12-03 16:00:00,0.917984,TP,1,0.0228,2.72,3
EURAUD,LONG,2025-12-03 04:00:00,1.76862,1.76862,2025-12-03 16:00:00,1.77179,TP,1,0.0129,2.66,3
GBPNZD,LONG,2025-11-27 04:00:00,2.314986688495468,2.309389560998333,2025-12-03 12:00:00,2.3143670609983333,TP,2,0.0249,7.05,26
CADCHF,SHORT,2025-12-02 16:00:00,0.5754891504449441,0.5754891504449441,2025-12-03 00:00:00,0.5743771504449441,TP,1,0.021,2.85,2
EURAUD,LONG,2025-12-02 04:00:00,1.7716265588311881,1.7691020844658185,2025-12-03 00:00:00,1.7721680844658185,TP,2,0.0284,5.64,5
AUDCHF,SHORT,2025-12-01 16:00:00,0.5265799999999999,0.5275410539383228,2025-12-03 00:00:00,0.5263790539383228,TP,2,0.0504,7.14,8
AUDCAD,SHORT,2025-12-02 04:00:00,0.9173090960735498,0.9173090960735498,2025-12-03 00:00:00,0.9157270960735497,TP,1,0.0229,2.52,5
GBPCHF,SHORT,2025-11-24 16:00:00,1.059195,1.0613648494166548,2025-12-02 12:00:00,1.0609479791988743,TP,2,0.0252,1.23,35
USDNOK,LONG,2025-11-28 16:00:00,10.119682500000001,10.119682500000001,2025-12-02 08:00:00,10.1418505,TP,1,0.015,3.23,10
AUDCHF,SHORT,2025-11-27 04:00:00,0.524957076326495,0.526031087416991,2025-12-01 12:00:00,0.524866587416991,TP,2,0.0504,7.18,14
EURAUD,LONG,2025-11-28 00:00:00,1.7724700000000002,1.7724700000000002,2025-12-01 12:00:00,1.775857,TP,1,0.0129,2.84,9
CADCHF,SHORT,2025-11-28 08:00:00,0.5743370284140489,0.575270252391671,2025-12-01 08:00:00,0.574137752391671,TP,2,0.0462,6.38,6
AUDCAD,SHORT,2025-11-27 00:00:00,0.91637,0.91637,2025-11-28 12:00:00,0.914666,TP,1,0.023,2.73,9
GBPCAD,SHORT,2025-11-27 12:00:00,1.859495,1.859495,2025-11-28 08:00:00,1.855464,TP,1,0.0113,3.22,5
GBPCAD,SHORT,2025-11-26 12:00:00,1.8595549999999998,1.8595549999999998,2025-11-27 08:00:00,1.855775,TP,1,0.0114,3.03,5
USDNOK,SHORT,2025-11-19 16:00:00,10.1836275,10.208863499999998,2025-11-27 00:00:00,10.190120530078328,TP,2,0.033,5.97,32
GBPNZD,LONG,2025-11-26 12:00:00,2.317152573179235,2.317152573179235,2025-11-26 16:00:00,2.324381573179235,TP,1,0.0114,4.64,1
AUDCAD,SHORT,2025-11-26 08:00:00,0.9161745050693068,0.9161745050693068,2025-11-26 12:00:00,0.9140620050693067,TP,1,0.0231,3.39,1
GBPCAD,SHORT,2025-11-25 08:00:00,1.853805,1.8565298767434506,2025-11-26 08:00:00,1.8530898767434507,TP,2,0.0251,6.05,6
GBPNZD,LONG,2025-11-26 04:00:00,2.31803,2.31803,2025-11-26 08:00:00,2.3248159999999998,TP,1,0.0114,4.35,1
GBPNZD,SHORT,2025-11-20 16:00:00,2.337118929811336,2.3418641648296474,2025-11-26 00:00:00,2.3357491648296476,TP,2,0.0252,8.65,20
EURAUD,SHORT,2025-11-25 16:00:00,1.7929657732556346,1.7929657732556346,2025-11-26 00:00:00,1.7872952732556346,TP,1,0.013,4.73,2
AUDUSD,LONG,2025-11-25 16:00:00,0.6436977886685494,0.6436977886685494,2025-11-25 20:00:00,0.6459992886685494,TP,1,0.0232,5.26,1
AUDUSD,LONG,2025-11-20 16:00:00,0.644525,0.644525,2025-11-25 00:00:00,0.6468590000000001,TP,1,0.0233,5.36,14
CADCHF,SHORT,2025-11-24 08:00:00,0.5741459077312526,0.5741459077312526,2025-11-24 12:00:00,0.5725679077312525,TP,1,0.0212,4.07,1
GBPCHF,SHORT,2025-11-21 16:00:00,1.0589250000000001,1.0589250000000001,2025-11-24 12:00:00,1.056278,TP,1,0.0114,3.72,5
AUDCAD,LONG,2025-11-20 16:00:00,0.9085871494832645,0.9085871494832645,2025-11-24 00:00:00,0.9110426494832645,TP,1,0.0233,3.98,8
NZDUSD,LONG,2025-11-20 16:00:00,0.5593250000000001,0.5593250000000001,2025-11-21 20:00:00,0.561405,TP,1,0.0268,5.5,7
NZDCAD,LONG,2025-11-20 16:00:00,0.788635,0.788635,2025-11-21 16:00:00,0.790679,TP,1,0.0268,3.81,6
EURAUD,SHORT,2025-11-20 16:00:00,1.7889349360653266,1.7889349360653266,2025-11-21 16:00:00,1.7831179360653266,TP,1,0.013,4.85,6
CADCHF,SHORT,2025-11-19 12:00:00,0.572932923848973,0.572932923848973,2025-11-20 16:00:00,0.571438923848973,TP,1,0.021,3.84,7
GBPCAD,LONG,2025-11-19 12:00:00,1.836134089347672,1.836134089347672,2025-11-20 16:00:00,1.839922089347672,TP,1,0.0114,3.04,7
GBPCHF,SHORT,2025-11-20 12:00:00,1.056005,1.056005,2025-11-20 16:00:00,1.053658,TP,1,0.0115,3.3,1
AUDUSD,LONG,2025-11-19 04:00:00,0.6477058053406196,0.6477058053406196,2025-11-20 12:00:00,0.6497658053406197,TP,1,0.0231,4.69,8
NZDCAD,LONG,2025-11-19 00:00:00,0.789225,0.7877572044502479,2025-11-20 12:00:00,0.7895767044502479,TP,2,0.0588,7.44,9
AUDCAD,LONG,2025-11-17 20:00:00,0.911558501765424,0.9097399798491121,2025-11-20 12:00:00,0.9118194798491122,TP,2,0.0508,7.37,16
NZDUSD,LONG,2025-11-19 08:00:00,0.5627710660277707,0.5613894902498862,2025-11-20 12:00:00,0.5631669902498861,TP,2,0.0588,10.28,7
EURAUD,SHORT,2025-11-17 20:00:00,1.785709334994744,1.785709334994744,2025-11-18 16:00:00,1.780064834994744,TP,1,0.0129,4.72,5
AUDUSD,LONG,2025-11-17 20:00:00,0.6488239378724711,0.6488239378724711,2025-11-18 12:00:00,0.6509274378724711,TP,1,0.0231,4.79,4
AUDCHF,LONG,2025-11-17 00:00:00,0.51797,0.5162880333292788,2025-11-18 12:00:00,0.5184760333292787,TP,2,0.0508,13.8,9
AUDCHF,LONG,2025-11-13 16:00:00,0.51822,0.5167773428566065,2025-11-14 16:00:00,0.5186288428566065,TP,2,0.0505,11.63,6
EURAUD,SHORT,2025-11-14 08:00:00,1.7822189889402307,1.7822189889402307,2025-11-14 16:00:00,1.7775874889402308,TP,1,0.0129,3.87,2
CADCHF,LONG,2025-11-12 12:00:00,0.569705,0.5687202933736852,2025-11-14 12:00:00,0.5626892933736853,SL,2,0.0462,-35.44,12
USDNOK,LONG,2025-11-13 08:00:00,10.046722500000001,10.023432954545454,2025-11-14 08:00:00,10.050182954545454,TP,2,0.033,8.66,6
EURCHF,LONG,2025-11-11 12:00:00,0.92739,0.9263796858822774,2025-11-14 08:00:00,0.9204496858822774,SL,2,0.0285,-21.41,17
EURAUD,SHORT,2025-11-13 20:00:00,1.7815599999999998,1.7815599999999998,2025-11-14 04:00:00,1.7773839999999999,TP,1,0.0129,3.48,2
GBPNZD,SHORT,2025-11-13 20:00:00,2.3339261501567914,2.3339261501567914,2025-11-14 00:00:00,2.3273681501567913,TP,1,0.0114,4.2,1
GBPCAD,SHORT,2025-11-13 16:00:00,1.852295,1.852295,2025-11-14 00:00:00,1.8484155,TP,1,0.0114,3.11,2
GBPCHF,LONG,2025-11-11 08:00:00,1.0542933201116889,1.0524657703091862,2025-11-14 00:00:00,1.0425447703091861,SL,2,0.0251,-31.53,16
AUDUSD,SHORT,2025-11-13 00:00:00,0.6557850000000001,0.6557850000000001,2025-11-13 16:00:00,0.6542005000000001,TP,1,0.0229,3.56,4
AUDCAD,SHORT,2025-11-13 00:00:00,0.9186625871101757,0.9186625871101757,2025-11-13 16:00:00,0.9170525871101756,TP,1,0.0229,2.56,4
NZDCHF,LONG,2025-11-06 16:00:00,0.454795,0.454795,2025-11-13 16:00:00,0.449984,SL,1,0.0266,-16.27,30
GBPCAD,LONG,2025-11-12 08:00:00,1.838705,1.838705,2025-11-13 12:00:00,1.842069,TP,1,0.0114,2.71,7
NZDUSD,LONG,2025-11-13 08:00:00,0.5637563511638394,0.5637563511638394,2025-11-13 12:00:00,0.5652928511638393,TP,1,0.0264,3.98,1
EURAUD,LONG,2025-11-13 00:00:00,1.7646136093837166,1.7646136093837166,2025-11-13 08:00:00,1.7685276093837166,TP,1,0.0129,3.29,2
USDNOK,LONG,2025-11-11 12:00:00,10.0533525,10.0533525,2025-11-12 16:00:00,10.0829925,TP,1,0.015,4.37,7
GBPNZD,SHORT,2025-11-06 16:00:00,2.32865,2.334115907801851,2025-11-11 08:00:00,2.328144407801851,TP,2,0.0252,8.41,16
EURCHF,SHORT,2025-11-05 12:00:00,0.9310622415066574,0.9310622415066574,2025-11-11 04:00:00,0.9299627415066575,TP,1,0.0131,1.75,22
USDNOK,LONG,2025-11-10 08:00:00,10.079277732892036,10.079277732892036,2025-11-10 12:00:00,10.109243232892036,TP,1,0.015,4.4,1
AUDCAD,LONG,2025-11-07 16:00:00,0.91126,0.91126,2025-11-10 00:00:00,0.9134355000000001,TP,1,0.0231,3.52,2
EURAUD,SHORT,2025-11-06 16:00:00,1.7814999999999999,1.7857394619335847,2025-11-07 20:00:00,1.7804234619335848,TP,2,0.0285,9.77,7
USDNOK,SHORT,2025-10-31 16:00:00,10.1225775,10.179880283422461,2025-11-07 20:00:00,10.151827283422461,TP,3,0.051,13.94,31
AUDCHF,LONG,2025-11-07 16:00:00,0.5207046327503037,0.5207046327503037,2025-11-07 20:00:00,0.5225601327503036,TP,1,0.0231,5.26,1
AUDUSD,LONG,2025-11-06 16:00:00,0.647825,0.647825,2025-11-07 20:00:00,0.6497465,TP,1,0.0232,4.38,7
NZDCAD,LONG,2025-11-04 00:00:00,0.8002652515542316,0.7988308940868643,2025-11-07 12:00:00,0.7905618940868643,SL,2,0.0581,-34.35,21
CADCHF,SHORT,2025-10-29 08:00:00,0.571185,0.5721954946398076,2025-11-06 12:00:00,0.5726904878103977,TP,2,0.0459,-2.95,37
GBPCAD,LONG,2025-11-05 12:00:00,1.841005,1.841005,2025-11-06 08:00:00,1.8442885,TP,1,0.0115,2.65,5
AUDCHF,SHORT,2025-11-05 16:00:00,0.5278171988266743,0.5278171988266743,2025-11-06 00:00:00,0.5259891988266744,TP,1,0.0231,5.14,2
AUDUSD,LONG,2025-11-05 08:00:00,0.648175,0.648175,2025-11-05 16:00:00,0.649957,TP,1,0.0231,4.05,2
GBPCAD,LONG,2025-11-04 08:00:00,1.8380450000000002,1.8380450000000002,2025-11-05 08:00:00,1.8411935000000001,TP,1,0.0115,2.52,6
GBPCHF,LONG,2025-11-05 00:00:00,1.0525849999999999,1.0525849999999999,2025-11-05 08:00:00,1.054922,TP,1,0.0115,3.29,2
EURAUD,SHORT,2025-11-05 00:00:00,1.7781926421220946,1.7781926421220946,2025-11-05 04:00:00,1.7740231421220947,TP,1,0.0131,3.49,1
AUDCAD,LONG,2025-11-05 00:00:00,0.9123899703745695,0.9123899703745695,2025-11-05 04:00:00,0.9142254703745696,TP,1,0.0232,2.95,1
NZDCHF,LONG,2025-11-04 20:00:00,0.456758665923797,0.456758665923797,2025-11-05 04:00:00,0.458076665923797,TP,1,0.0266,4.25,2
AUDUSD,LONG,2025-11-04 08:00:00,0.649525,0.64820559713625,2025-11-05 04:00:00,0.6498595971362501,TP,2,0.0509,8.27,5
AUDCHF,SHORT,2025-10-28 12:00:00,0.5214783119243943,0.5239762878405034,2025-11-05 00:00:00,0.5241890337866678,TP,3,0.0775,-2.27,33
NZDUSD,LONG,2025-10-31 08:00:00,0.5717630071999069,0.5702350022379101,2025-11-05 00:00:00,0.5638760022379101,SL,2,0.0578,-36.95,16
EURCHF,SHORT,2025-11-04 20:00:00,0.9306242493380221,0.9306242493380221,2025-11-05 00:00:00,0.9292237493380222,TP,1,0.0131,2.22,1
EURCHF,SHORT,2025-11-03 12:00:00,0.93043,0.93043,2025-11-04 16:00:00,0.9290455,TP,1,0.013,2.19,7
EURAUD,LONG,2025-10-27 00:00:00,1.7786457062774346,1.7711703390048115,2025-11-04 08:00:00,1.7702603892198594,TP,3,0.0438,-2.72,38
GBPNZD,LONG,2025-10-31 16:00:00,2.2937065909965124,2.2937065909965124,2025-11-03 12:00:00,2.2991950909965126,TP,1,0.0114,3.55,5
GBPCHF,LONG,2025-10-28 08:00:00,1.056695,1.0550194014794771,2025-10-31 20:00:00,1.0572249014794772,TP,2,0.0248,6.73,21
EURCHF,SHORT,2025-10-29 12:00:00,0.92787217431273,0.92787217431273,2025-10-31 16:00:00,0.9265165044277457,TP,1,0.0129,2.14,13
NZDCAD,LONG,2025-10-31 08:00:00,0.8008752120711159,0.8008752120711159,2025-10-31 16:00:00,0.8027877120711159,TP,1,0.0262,3.5,2
USDNOK,SHORT,2025-10-30 12:00:00,10.076778533761363,10.076778533761363,2025-10-31 00:00:00,10.042767033761363,TP,1,0.015,5.03,3
NZDCHF,SHORT,2025-10-29 08:00:00,0.459985,0.46090945189314225,2025-10-30 16:00:00,0.4596714518931423,TP,2,0.057,8.64,8
AUDUSD,SHORT,2025-10-27 00:00:00,0.6542338406550798,0.6575769105529136,2025-10-30 12:00:00,0.6555844105529135,TP,3,0.0776,15.23,21
GBPCAD,LONG,2025-10-29 16:00:00,1.838355,1.838355,2025-10-30 12:00:00,1.8425334999999998,TP,1,0.0113,3.35,5
AUDCAD,SHORT,2025-10-27 08:00:00,0.91586,0.9173898132822471,2025-10-29 20:00:00,0.915366813282247,TP,2,0.0502,7.14,15
NZDUSD,SHORT,2025-10-28 16:00:00,0.578795,0.578795,2025-10-29 20:00:00,0.577022,TP,1,0.0259,4.52,7
GBPCAD,LONG,2025-10-28 08:00:00,1.863545,1.8562384255996711,2025-10-29 12:00:00,1.8389114255996712,SL,3,0.0384,-47.88,7
GBPNZD,LONG,2025-10-23 16:00:00,2.31624,2.311802621154098,2025-10-29 04:00:00,2.2907966211540987,SL,2,0.0248,-30.16,21
NZDUSD,SHORT,2025-10-28 04:00:00,0.5782449999999999,0.5782449999999999,2025-10-28 08:00:00,0.5766469999999999,TP,1,0.0259,4.07,1
AUDCHF,SHORT,2025-10-27 08:00:00,0.5223,0.5223,2025-10-28 00:00:00,0.5208630000000001,TP,1,0.0229,4.07,4
GBPCAD,LONG,2025-10-24 16:00:00,1.862325,1.862325,2025-10-27 12:00:00,1.866037,TP,1,0.0113,2.96,5
GBPCHF,LONG,2025-10-23 16:00:00,1.059315,1.059315,2025-10-27 08:00:00,1.0614555,TP,1,0.0113,2.99,10
AUDCAD,SHORT,2025-10-27 00:00:00,0.9154285201616701,0.9154285201616701,2025-10-27 04:00:00,0.9134680201616701,TP,1,0.023,3.15,1
NZDCAD,SHORT,2025-10-27 00:00:00,0.8080847700410975,0.8080847700410975,2025-10-27 04:00:00,0.8063367700410975,TP,1,0.026,3.18,1
AUDCHF,SHORT,2025-10-27 00:00:00,0.5209069350791184,0.5209069350791184,2025-10-27 04:00:00,0.5194574350791185,TP,1,0.023,4.11,1
EURCHF,LONG,2025-10-16 16:00:00,0.92755,0.9262964304717571,2025-10-27 00:00:00,0.925498383944423,TP,2,0.0282,-2.92,38
USDNOK,LONG,2025-10-24 16:00:00,9.975509778567082,9.975509778567082,2025-10-24 20:00:00,10.004703278567082,TP,1,0.015,4.33,1
NZDUSD,SHORT,2025-10-24 12:00:00,0.5774246591209952,0.5774246591209952,2025-10-24 16:00:00,0.5758076591209952,TP,1,0.0261,4.13,1
NZDCAD,SHORT,2025-10-24 12:00:00,0.8079323231623016,0.8079323231623016,2025-10-24 16:00:00,0.8062433231623015,TP,1,0.0261,3.06,1
GBPCAD,LONG,2025-10-22 16:00:00,1.869105,1.8661885083268503,2025-10-24 12:00:00,1.8696705083268503,TP,2,0.0247,6.07,11
USDNOK,LONG,2025-10-23 08:00:00,9.9824625,9.9824625,2025-10-24 12:00:00,10.006527,TP,1,0.015,3.57,7
AUDCAD,LONG,2025-10-22 16:00:00,0.90796,0.90796,2025-10-23 08:00:00,0.909856,TP,1,0.0231,3.06,4
GBPNZD,LONG,2025-10-22 08:00:00,2.31762,2.31762,2025-10-22 16:00:00,2.323517,TP,1,0.0113,3.78,2
GBPCHF,LONG,2025-10-22 08:00:00,1.060555,1.060555,2025-10-22 16:00:00,1.063264,TP,1,0.0113,3.8,2
GBPCAD,LONG,2025-10-22 08:00:00,1.8659350000000001,1.8659350000000001,2025-10-22 12:00:00,1.8696215,TP,1,0.0113,2.93,1
AUDCHF,LONG,2025-10-14 04:00:00,0.5201100000000001,0.5157171460345906,2025-10-22 08:00:00,0.5178336460345906,TP,3,0.0787,20.68,37
NZDCHF,LONG,2025-10-20 12:00:00,0.454355,0.454355,2025-10-21 16:00:00,0.4560455,TP,1,0.0262,5.48,7
GBPCHF,LONG,2025-10-20 16:00:00,1.06151495258852,1.06151495258852,2025-10-21 12:00:00,1.0644549525885199,TP,1,0.0112,4.1,5
CADCHF,LONG,2025-10-20 00:00:00,0.565805,0.565805,2025-10-21 12:00:00,0.5674100000000001,TP,1,0.021,4.18,9
GBPCAD,SHORT,2025-10-15 16:00:00,1.8800912680687576,1.8834769680459904,2025-10-21 08:00:00,1.8798249680459904,TP,2,0.0246,6.31,22
GBPNZD,SHORT,2025-10-16 12:00:00,2.34335,2.34335,2025-10-20 16:00:00,2.3371515,TP,1,0.0112,3.94,13
AUDUSD,LONG,2025-10-10 08:00:00,0.6547607523432178,0.6502601654187788,2025-10-20 16:00:00,0.6515677343647933,TP,3,0.0785,10.03,38
GBPCHF,LONG,2025-10-17 16:00:00,1.0624355185904046,1.0624355185904046,2025-10-20 00:00:00,1.0654230185904046,TP,1,0.0112,4.18,2
CADCHF,LONG,2025-10-17 12:00:00,0.5642849999999999,0.5642849999999999,2025-10-17 20:00:00,0.5658995,TP,1,0.0211,4.22,2
EURAUD,SHORT,2025-10-14 04:00:00,1.78869,1.8014135459215666,2025-10-17 20:00:00,1.7947125459215667,TP,3,0.0438,18.91,22
GBPCHF,LONG,2025-10-17 00:00:00,1.064184209924735,1.0618291357335483,2025-10-17 12:00:00,1.0647711357335483,TP,2,0.0246,9.05,3
AUDCAD,LONG,2025-10-17 04:00:00,0.9087392305714657,0.9087392305714657,2025-10-17 12:00:00,0.9117027305714657,TP,1,0.0232,4.82,2
NZDCHF,LONG,2025-10-14 04:00:00,0.458075,0.4569682241351626,2025-10-17 08:00:00,0.45084122413516253,SL,2,0.0577,-44.95,19
CADCHF,LONG,2025-10-15 08:00:00,0.5690944834050133,0.5661391641376577,2025-10-17 08:00:00,0.5600741641376578,SL,3,0.0716,-55.23,12
EURCHF,LONG,2025-10-15 16:00:00,0.92737,0.92737,2025-10-16 12:00:00,0.9287855,TP,1,0.0129,2.25,5
USDNOK,SHORT,2025-10-09 08:00:00,10.011624016793998,10.068408842997206,2025-10-16 12:00:00,10.062172507549276,TP,3,0.051,3.01,31
AUDCAD,LONG,2025-10-16 04:00:00,0.9094056874498953,0.9094056874498953,2025-10-16 08:00:00,0.9122471874498953,TP,1,0.0231,4.61,1
GBPNZD,SHORT,2025-10-15 00:00:00,2.335074550619253,2.3415339977228697,2025-10-16 08:00:00,2.3342089977228695,TP,2,0.0247,10.29,8
NZDUSD,LONG,2025-10-09 08:00:00,0.5768150000000001,0.5750478637291686,2025-10-16 04:00:00,0.575229922942371,TP,2,0.0573,0.87,29
NZDCAD,LONG,2025-10-14 00:00:00,0.8026542902723944,0.8026542902723944,2025-10-16 04:00:00,0.8045557902723944,TP,1,0.0262,3.47,13
GBPCHF,LONG,2025-10-14 08:00:00,1.066877831825265,1.066877831825265,2025-10-15 12:00:00,1.069488331825265,TP,1,0.0113,3.65,7
AUDCAD,LONG,2025-10-14 04:00:00,0.91004,0.91004,2025-10-15 04:00:00,0.9130659999999999,TP,1,0.0231,4.92,6
EURCHF,LONG,2025-10-14 08:00:00,0.9285,0.9285,2025-10-14 16:00:00,0.92997,TP,1,0.013,2.34,2
GBPNZD,SHORT,2025-10-14 00:00:00,2.3303691259834167,2.3355536597653224,2025-10-14 12:00:00,2.3283406597653222,TP,2,0.0247,10.08,3
GBPNZD,SHORT,2025-10-13 12:00:00,2.330974202193186,2.330974202193186,2025-10-13 20:00:00,2.324367702193186,TP,1,0.0112,4.22,2
NZDCHF,LONG,2025-10-13 04:00:00,0.45939468260805133,0.45939468260805133,2025-10-13 16:00:00,0.4609916826080513,TP,1,0.0261,5.11,3
NZDCAD,LONG,2025-10-10 16:00:00,0.801635,0.801635,2025-10-13 16:00:00,0.8038175,TP,1,0.0262,4.0,6
AUDCAD,LONG,2025-10-13 04:00:00,0.912203632889003,0.912203632889003,2025-10-13 16:00:00,0.9149771328890031,TP,1,0.023,4.48,3
AUDCHF,LONG,2025-10-13 04:00:00,0.5219608076249643,0.5219608076249643,2025-10-13 08:00:00,0.5239533076249643,TP,1,0.023,5.63,1
GBPCHF,LONG,2025-10-13 00:00:00,1.067339107099182,1.067339107099182,2025-10-13 04:00:00,1.069769107099182,TP,1,0.0112,3.37,1
AUDCHF,LONG,2025-10-10 16:00:00,0.5196700000000001,0.5196700000000001,2025-10-13 00:00:00,0.5214660000000001,TP,1,0.0231,5.12,2
GBPNZD,SHORT,2025-10-10 16:00:00,2.33205,2.33205,2025-10-13 00:00:00,2.3252025,TP,1,0.0112,4.38,2
EURAUD,SHORT,2025-10-10 20:00:00,1.79422,1.79422,2025-10-13 00:00:00,1.7890495000000002,TP,1,0.0129,4.31,1
AUDCAD,LONG,2025-10-10 16:00:00,0.9084099999999999,0.9084099999999999,2025-10-13 00:00:00,0.9110095,TP,1,0.0231,4.23,2
NZDCHF,LONG,2025-10-10 16:00:00,0.45859500000000003,0.45859500000000003,2025-10-13 00:00:00,0.460189,TP,1,0.0262,5.14,2
EURCHF,LONG,2025-10-10 16:00:00,0.9300537393570901,0.9300537393570901,2025-10-13 00:00:00,0.9313842393570901,TP,1,0.0129,2.11,2
GBPCHF,LONG,2025-10-10 16:00:00,1.067864881951259,1.067864881951259,2025-10-10 20:00:00,1.070126381951259,TP,1,0.0112,3.15,1
CADCHF,SHORT,2025-10-08 16:00:00,0.5746450000000001,0.5746450000000001,2025-10-10 16:00:00,0.5734980000000001,TP,1,0.0209,2.93,12
EURAUD,LONG,2025-10-08 12:00:00,1.7680200000000001,1.7650836848847475,2025-10-10 16:00:00,1.7688591848847475,TP,2,0.0284,6.86,13
GBPCAD,LONG,2025-10-09 08:00:00,1.864125,1.860984973693242,2025-10-10 16:00:00,1.865157473693242,TP,2,0.0248,7.31,8
AUDCHF,SHORT,2025-10-10 00:00:00,0.5294099999999999,0.5294099999999999,2025-10-10 08:00:00,0.5280864999999999,TP,1,0.0228,3.69,2
NZDCAD,LONG,2025-10-09 08:00:00,0.804715,0.804715,2025-10-10 08:00:00,0.8070364999999999,TP,1,0.026,4.23,6
AUDUSD,LONG,2025-10-09 16:00:00,0.654865,0.654865,2025-10-10 04:00:00,0.6569075000000001,TP,1,0.0229,4.61,3
AUDCHF,SHORT,2025-10-08 16:00:00,0.5279918263486958,0.5290097112754001,2025-10-09 16:00:00,0.5277077112754001,TP,2,0.05,7.93,6
EURCHF,LONG,2025-10-09 12:00:00,0.9302661972646111,0.9302661972646111,2025-10-09 16:00:00,0.9315081972646111,TP,1,0.0129,1.95,1
NZDUSD,LONG,2025-10-08 12:00:00,0.5778902970733598,0.5778902970733598,2025-10-09 04:00:00,0.5797862970733597,TP,1,0.026,4.84,4
NZDCAD,LONG,2025-10-08 12:00:00,0.805485,0.805485,2025-10-09 00:00:00,0.807726,TP,1,0.026,4.09,3
EURCHF,LONG,2025-10-06 08:00:00,0.9317276029233776,0.930790856534405,2025-10-08 20:00:00,0.931998856534405,TP,2,0.0283,4.18,15
GBPCHF,SHORT,2025-10-08 16:00:00,1.076007839591161,1.076007839591161,2025-10-08 20:00:00,1.073961839591161,TP,1,0.0112,2.83,1
GBPNZD,SHORT,2025-10-08 16:00:00,2.3247185648998023,2.3247185648998023,2025-10-08 20:00:00,2.3187145648998024,TP,1,0.0112,3.86,1
AUDUSD,LONG,2025-10-08 04:00:00,0.656365,0.656365,2025-10-08 12:00:00,0.658029,TP,1,0.0229,3.73,2
USDNOK,SHORT,2025-10-08 08:00:00,10.008765093614247,10.008765093614247,2025-10-08 12:00:00,9.981704093614248,TP,1,0.015,4.03,1
GBPNZD,SHORT,2025-10-08 04:00:00,2.3315200000000003,2.3315200000000003,2025-10-08 12:00:00,2.326077,TP,1,0.0112,3.49,2
NZDCAD,LONG,2025-10-08 04:00:00,0.802105,0.802105,2025-10-08 08:00:00,0.8042615,TP,1,0.0261,3.96,1
NZDCHF,LONG,2025-10-08 04:00:00,0.46005500000000005,0.46005500000000005,2025-10-08 08:00:00,0.4612755,TP,1,0.0261,3.9,1
NZDUSD,LONG,2025-10-08 04:00:00,0.5744250000000001,0.5744250000000001,2025-10-08 08:00:00,0.5762010000000001,TP,1,0.0261,4.56,1
EURAUD,LONG,2025-10-07 12:00:00,1.7692158405855287,1.7692158405855287,2025-10-07 16:00:00,1.7728003405855286,TP,1,0.0129,3.0,1
EURAUD,LONG,2025-10-07 04:00:00,1.76943,1.76943,2025-10-07 08:00:00,1.77295,TP,1,0.0128,2.94,1
GBPCAD,SHORT,2025-10-06 16:00:00,1.8811230457213735,1.8811230457213735,2025-10-07 08:00:00,1.8778425457213734,TP,1,0.0111,2.58,4
AUDCAD,SHORT,2025-10-01 08:00:00,0.92049,0.9220340635280313,2025-10-07 08:00:00,0.9202370635280313,TP,2,0.0499,6.27,24
CADCHF,LONG,2025-10-07 00:00:00,0.5697304997220564,0.5697304997220564,2025-10-07 08:00:00,0.5707304997220564,TP,1,0.0209,2.56,2
NZDCAD,SHORT,2025-10-06 16:00:00,0.8147591364765847,0.8147591364765847,2025-10-07 04:00:00,0.8128741364765847,TP,1,0.0257,3.39,3
EURAUD,LONG,2025-10-06 08:00:00,1.76791,1.76791,2025-10-07 00:00:00,1.771253,TP,1,0.0129,2.8,4
NZDCAD,SHORT,2025-10-06 04:00:00,0.8141970397857646,0.8141970397857646,2025-10-06 08:00:00,0.8123180397857647,TP,1,0.0257,3.39,1
CADCHF,LONG,2025-10-03 08:00:00,0.5700667910578848,0.5700667910578848,2025-10-06 00:00:00,0.5712362910578849,TP,1,0.0209,3.01,4
NZDCAD,SHORT,2025-10-03 08:00:00,0.814065,0.814065,2025-10-06 00:00:00,0.8122750000000001,TP,1,0.0257,3.22,4
GBPCAD,SHORT,2025-10-03 08:00:00,1.8792496078475114,1.8792496078475114,2025-10-06 00:00:00,1.8756691078475114,TP,1,0.0111,2.83,4
USDNOK,SHORT,2025-10-02 16:00:00,10.01002258891231,10.01002258891231,2025-10-03 00:00:00,9.97756808891231,TP,1,0.015,4.83,2
NZDCAD,SHORT,2025-10-02 04:00:00,0.8127650000000001,0.8127650000000001,2025-10-02 16:00:00,0.810921,TP,1,0.0257,3.32,3
GBPCAD,SHORT,2025-10-01 08:00:00,1.8755843016721303,1.8783075655185768,2025-10-02 16:00:00,1.8746035655185769,TP,2,0.0245,6.41,8
AUDCHF,SHORT,2025-10-01 12:00:00,0.52777,0.52777,2025-10-02 12:00:00,0.5262845,TP,1,0.0227,4.16,6
GBPNZD,SHORT,2025-09-19 16:00:00,2.30286592119611,2.3128306257763804,2025-10-02 04:00:00,2.312863784955879,TP,3,0.0379,-0.19,51
EURCHF,SHORT,2025-10-01 12:00:00,0.9369886460627577,0.9369886460627577,2025-10-01 20:00:00,0.9355371460627577,TP,1,0.0128,2.29,2
GBPCHF,SHORT,2025-10-01 12:00:00,1.0773650000000001,1.0773650000000001,2025-10-01 20:00:00,1.075066,TP,1,0.0111,3.17,2
AUDUSD,SHORT,2025-10-01 12:00:00,0.6625569444858912,0.6625569444858912,2025-10-01 16:00:00,0.6608054444858912,TP,1,0.0227,3.9,1
CADCHF,LONG,2025-10-01 04:00:00,0.5708068432185679,0.5708068432185679,2025-10-01 12:00:00,0.5719778432185679,TP,1,0.0209,3.0,2
NZDUSD,LONG,2025-09-30 16:00:00,0.5796031102133086,0.5796031102133086,2025-10-01 08:00:00,0.5809276102133085,TP,1,0.0259,3.35,4
EURAUD,LONG,2025-09-30 12:00:00,1.7742347992228555,1.7742347992228555,2025-10-01 04:00:00,1.7783392992228555,TP,1,0.0128,3.43,4
AUDCAD,SHORT,2025-09-30 12:00:00,0.92029,0.92029,2025-10-01 04:00:00,0.9183465,TP,1,0.0227,3.1,4
AUDCHF,SHORT,2025-09-30 12:00:00,0.52701,0.52701,2025-10-01 04:00:00,0.5256145,TP,1,0.0227,3.92,4
AUDUSD,SHORT,2025-09-30 16:00:00,0.6624485129574861,0.6624485129574861,2025-10-01 00:00:00,0.6607605129574861,TP,1,0.0227,3.76,2
CADCHF,LONG,2025-09-30 16:00:00,0.570835,0.570835,2025-09-30 20:00:00,0.572038,TP,1,0.0209,3.09,1
EURCHF,SHORT,2025-09-30 12:00:00,0.9369202848089977,0.9369202848089977,2025-09-30 16:00:00,0.9355567848089977,TP,1,0.0128,2.15,1
AUDCAD,SHORT,2025-09-30 04:00:00,0.9191100000000001,0.9191100000000001,2025-09-30 08:00:00,0.9170865,TP,1,0.0227,3.23,1
AUDCHF,SHORT,2025-09-30 04:00:00,0.5264599999999999,0.5264599999999999,2025-09-30 08:00:00,0.5251345,TP,1,0.0227,3.71,1
EURAUD,LONG,2025-09-30 04:00:00,1.77532,1.77532,2025-09-30 08:00:00,1.7790519999999999,TP,1,0.0128,3.12,1
CADCHF,LONG,2025-09-29 08:00:00,0.571559615426916,0.571559615426916,2025-09-29 12:00:00,0.5725656154269161,TP,1,0.0209,2.57,1
AUDUSD,LONG,2025-09-25 12:00:00,0.6560549999999999,0.6545113957487728,2025-09-29 04:00:00,0.6563793957487728,TP,2,0.0504,9.26,10
USDNOK,SHORT,2025-09-25 12:00:00,9.9827575,10.007400727272726,2025-09-26 16:00:00,9.975763227272727,TP,2,0.033,10.37,7
GBPCAD,LONG,2025-09-25 12:00:00,1.861005,1.861005,2025-09-26 16:00:00,1.8646025,TP,1,0.0112,2.86,7
EURAUD,SHORT,2025-09-26 12:00:00,1.7897749128136198,1.7897749128136198,2025-09-26 16:00:00,1.78580341281362,TP,1,0.0128,3.3,1
NZDCAD,LONG,2025-09-18 04:00:00,0.814955,0.8111136862727402,2025-09-25 16:00:00,0.8030766862727402,SL,3,0.0869,-50.37,33
AUDUSD,LONG,2025-09-24 16:00:00,0.657675,0.657675,2025-09-25 00:00:00,0.659323,TP,1,0.0228,3.69,2
NZDUSD,LONG,2025-09-18 08:00:00,0.589315,0.587672207258528,2025-09-24 16:00:00,0.581171207258528,SL,2,0.0561,-36.63,26
AUDCAD,SHORT,2025-09-24 08:00:00,0.9171881057174954,0.9171881057174954,2025-09-24 12:00:00,0.9151556057174953,TP,1,0.0227,3.25,1
AUDCHF,LONG,2025-09-17 12:00:00,0.5247572736147982,0.5247572736147982,2025-09-24 08:00:00,0.5246314498016292,TP,1,0.0225,-0.42,29
EURAUD,SHORT,2025-09-23 16:00:00,1.7879399999999999,1.7879399999999999,2025-09-24 04:00:00,1.784274,TP,1,0.0127,3.05,3
EURAUD,SHORT,2025-09-22 08:00:00,1.7842473762519069,1.7875665635836093,2025-09-23 12:00:00,1.7837510635836094,TP,2,0.028,6.97,7
AUDUSD,LONG,2025-09-22 00:00:00,0.6583136572608093,0.6583136572608093,2025-09-23 12:00:00,0.6601296572608093,TP,1,0.0228,4.07,9
AUDCAD,LONG,2025-09-22 16:00:00,0.9088020439236765,0.9088020439236765,2025-09-22 20:00:00,0.9111185439236765,TP,1,0.0228,3.75,1
GBPCAD,LONG,2025-09-19 08:00:00,1.864065,1.860726212947671,2025-09-22 12:00:00,1.865018212947671,TP,2,0.0245,7.54,7
AUDCAD,LONG,2025-09-19 16:00:00,0.9087099999999999,0.9087099999999999,2025-09-22 12:00:00,0.9109385,TP,1,0.0227,3.61,5
EURAUD,SHORT,2025-09-18 20:00:00,1.78233,1.78233,2025-09-22 04:00:00,1.778589,TP,1,0.0127,3.1,8
USDNOK,SHORT,2025-09-19 12:00:00,9.9552075,9.9552075,2025-09-22 00:00:00,9.917699500000001,TP,1,0.015,5.62,3
AUDCAD,LONG,2025-09-19 08:00:00,0.9105463787687299,0.9105463787687299,2025-09-19 12:00:00,0.91255487876873,TP,1,0.0227,3.23,1
AUDUSD,LONG,2025-09-19 08:00:00,0.6589333429557211,0.6589333429557211,2025-09-19 12:00:00,0.6609598429557212,TP,1,0.0227,4.53,1
GBPNZD,SHORT,2025-09-18 00:00:00,2.30106,2.3058214692075683,2025-09-19 08:00:00,2.299189969207568,TP,2,0.0242,9.36,8
GBPCAD,SHORT,2025-09-05 12:00:00,1.866355,1.87268470066381,2025-09-18 16:00:00,1.873726308879353,TP,3,0.0377,-2.96,55
USDNOK,LONG,2025-09-18 08:00:00,9.7908725,9.7908725,2025-09-18 12:00:00,9.823164,TP,1,0.015,4.88,1
EURAUD,SHORT,2025-09-18 04:00:00,1.7805772549978656,1.7805772549978656,2025-09-18 12:00:00,1.7768817549978657,TP,1,0.0127,3.08,2
NZDCHF,LONG,2025-09-16 16:00:00,0.470685,0.470685,2025-09-18 08:00:00,0.46539600000000003,SL,1,0.0251,-16.87,10
EURAUD,SHORT,2025-09-17 20:00:00,1.7799419821946891,1.7799419821946891,2025-09-18 00:00:00,1.7764549821946893,TP,1,0.0127,2.91,1
NZDCAD,SHORT,2025-09-17 20:00:00,0.8242658585081656,0.8242658585081656,2025-09-18 00:00:00,0.8224198585081656,TP,1,0.0252,3.3,1
AUDUSD,SHORT,2025-09-15 00:00:00,0.665145,0.6666182579029268,2025-09-17 20:00:00,0.6650467579029268,TP,2,0.0495,7.63,17
AUDCAD,SHORT,2025-09-16 08:00:00,0.9177596056973506,0.9177596056973506,2025-09-17 20:00:00,0.9160121056973506,TP,1,0.0225,2.79,9
NZDUSD,SHORT,2025-09-15 04:00:00,0.596285,0.5977021499841746,2025-09-17 20:00:00,0.5962341499841747,TP,2,0.0552,7.94,16
GBPCHF,LONG,2025-09-16 16:00:00,1.073975,1.073975,2025-09-17 20:00:00,1.075763,TP,1,0.011,2.46,7
CADCHF,LONG,2025-09-05 12:00:00,0.579375,0.5783242611592461,2025-09-16 16:00:00,0.574051261159246,SL,2,0.0456,-24.92,43
AUDCAD,SHORT,2025-09-12 16:00:00,0.91995,0.91995,2025-09-16 04:00:00,0.918038,TP,1,0.0226,3.07,9
AUDCHF,SHORT,2025-09-11 16:00:00,0.52999,0.52999,2025-09-16 04:00:00,0.528811,TP,1,0.0225,3.28,15
NZDCAD,SHORT,2025-09-12 12:00:00,0.822985,0.822985,2025-09-16 00:00:00,0.821206,TP,1,0.0252,3.18,9
NZDCHF,SHORT,2025-09-11 16:00:00,0.47527499999999995,0.47527499999999995,2025-09-12 12:00:00,0.4741455,TP,1,0.0251,3.48,5
AUDCAD,SHORT,2025-09-11 20:00:00,0.9211400000000001,0.9211400000000001,2025-09-12 12:00:00,0.9191315,TP,1,0.0225,3.2,4
GBPNZD,LONG,2025-09-11 16:00:00,2.27339,2.27339,2025-09-12 12:00:00,2.2775410000000003,TP,1,0.011,2.69,5
NZDCAD,SHORT,2025-09-11 20:00:00,0.826565,0.826565,2025-09-12 08:00:00,0.8246505,TP,1,0.0251,3.39,3
NZDUSD,SHORT,2025-09-11 16:00:00,0.597205,0.597205,2025-09-12 08:00:00,0.5953555,TP,1,0.0251,4.57,4
USDNOK,LONG,2025-09-08 00:00:00,10.001555558096461,9.975941558096462,2025-09-12 00:00:00,9.83841505809646,SL,2,0.033,-46.12,24
AUDCAD,SHORT,2025-09-05 12:00:00,0.90712,0.9108307512531605,2025-09-11 16:00:00,0.9186407512531605,SL,3,0.0774,-43.92,25
EURAUD,LONG,2025-09-09 08:00:00,1.77834,1.775620059312216,2025-09-11 16:00:00,1.762042059312216,SL,2,0.0281,-25.51,14
AUDUSD,SHORT,2025-09-08 04:00:00,0.6562150536367749,0.6577476336672099,2025-09-11 16:00:00,0.66562663366721,SL,2,0.0501,-39.66,21
NZDCAD,SHORT,2025-09-05 12:00:00,0.814515,0.8183306637981389,2025-09-11 16:00:00,0.8260456637981388,SL,3,0.0861,-48.28,25
NZDCHF,SHORT,2025-09-10 12:00:00,0.47427499999999995,0.47427499999999995,2025-09-11 12:00:00,0.47320349999999994,TP,1,0.0252,3.31,6
NZDUSD,SHORT,2025-09-08 08:00:00,0.5923449999999999,0.5939162354282614,2025-09-11 12:00:00,0.5921317354282615,TP,2,0.0556,9.75,19
AUDCHF,SHORT,2025-09-10 08:00:00,0.5269720571757118,0.5281690434615111,2025-09-11 12:00:00,0.5269490434615111,TP,2,0.0499,7.49,7
GBPNZD,LONG,2025-09-08 08:00:00,2.2810699999999997,2.2777461371118157,2025-09-11 12:00:00,2.281731137111816,TP,2,0.0244,5.71,19
EURCHF,LONG,2025-09-08 00:00:00,0.934721155034663,0.9334348709086536,2025-09-10 16:00:00,0.9350138709086536,TP,2,0.0281,5.48,16
GBPCHF,LONG,2025-09-08 00:00:00,1.0771000605004961,1.0771000605004961,2025-09-10 04:00:00,1.0792305605004961,TP,1,0.0111,2.94,13
EURAUD,LONG,2025-09-08 12:00:00,1.7796100000000001,1.7796100000000001,2025-09-08 16:00:00,1.7831955,TP,1,0.0128,2.98,1
NZDUSD,SHORT,2025-09-05 16:00:00,0.5911736439839271,0.5911736439839271,2025-09-05 20:00:00,0.5892761439839271,TP,1,0.0254,4.75,1
AUDUSD,SHORT,2025-09-05 12:00:00,0.657145,0.657145,2025-09-05 20:00:00,0.6551239999999999,TP,1,0.0228,4.54,2
USDNOK,LONG,2025-09-05 12:00:00,10.004830296390564,10.004830296390564,2025-09-05 16:00:00,10.038425796390564,TP,1,0.015,4.98,1
NZDUSD,LONG,2025-09-04 16:00:00,0.583635,0.583635,2025-09-05 00:00:00,0.5854444999999999,TP,1,0.0257,4.57,2
GBPNZD,SHORT,2025-09-04 16:00:00,2.301649028609252,2.301649028609252,2025-09-05 00:00:00,2.296862028609252,TP,1,0.0112,3.1,2
AUDCAD,SHORT,2025-09-03 12:00:00,0.90241,0.90241,2025-09-04 12:00:00,0.900527,TP,1,0.0229,3.06,6
GBPCHF,LONG,2025-09-02 08:00:00,1.078845,1.078845,2025-09-04 08:00:00,1.081614,TP,1,0.0112,3.82,12
AUDCHF,SHORT,2025-09-03 12:00:00,0.5265599999999999,0.5265599999999999,2025-09-04 08:00:00,0.5251045,TP,1,0.0229,4.08,5
GBPNZD,LONG,2025-09-02 12:00:00,2.2851740666530294,2.2851740666530294,2025-09-04 08:00:00,2.2899585666530293,TP,1,0.0112,3.12,11
USDNOK,LONG,2025-08-27 16:00:00,10.082589775884836,10.05832904861211,2025-09-04 08:00:00,10.067258609607565,TP,2,0.033,2.82,34
EURAUD,LONG,2025-09-03 12:00:00,1.78092,1.78092,2025-09-04 04:00:00,1.784257,TP,1,0.0129,2.77,4
AUDUSD,SHORT,2025-09-03 16:00:00,0.6551191799074308,0.6551191799074308,2025-09-04 04:00:00,0.6532941799074309,TP,1,0.0229,4.11,3
NZDUSD,LONG,2025-09-03 08:00:00,0.5841714781202901,0.5841714781202901,2025-09-03 12:00:00,0.58595247812029,TP,1,0.0256,4.48,1
NZDCAD,LONG,2025-09-03 08:00:00,0.8064697453907127,0.8064697453907127,2025-09-03 12:00:00,0.8083282453907127,TP,1,0.0256,3.37,1
GBPCAD,LONG,2025-09-02 08:00:00,1.8469550000000001,1.8436933737369183,2025-09-03 12:00:00,1.8480473737369183,TP,2,0.0246,7.69,7
EURAUD,LONG,2025-09-03 04:00:00,1.78373,1.78373,2025-09-03 08:00:00,1.7870975,TP,1,0.0129,2.8,1
NZDCAD,LONG,2025-09-02 08:00:00,0.8065749999999999,0.8065749999999999,2025-09-02 16:00:00,0.808264,TP,1,0.0256,3.06,2
NZDUSD,LONG,2025-09-02 12:00:00,0.584075,0.584075,2025-09-02 16:00:00,0.58575,TP,1,0.0257,4.22,1
AUDUSD,SHORT,2025-08-28 04:00:00,0.6515769716347694,0.6529333203745636,2025-09-02 08:00:00,0.6515658203745637,TP,2,0.0506,6.76,19
EURAUD,LONG,2025-09-01 16:00:00,1.7860200000000002,1.7860200000000002,2025-09-02 04:00:00,1.7888435,TP,1,0.0128,2.33,3
NZDUSD,SHORT,2025-08-29 16:00:00,0.5904013734574598,0.5904013734574598,2025-09-02 04:00:00,0.5889003734574598,TP,1,0.0254,3.74,9
AUDCAD,SHORT,2025-09-01 08:00:00,0.90078,0.90078,2025-09-02 04:00:00,0.899405,TP,1,0.0229,2.22,5
AUDCHF,SHORT,2025-09-01 16:00:00,0.5253074737400381,0.5253074737400381,2025-09-02 04:00:00,0.5240084737400381,TP,1,0.0229,3.64,3
GBPCAD,LONG,2025-08-28 20:00:00,1.8572933136125864,1.8549046991357652,2025-09-01 08:00:00,1.858009699135765,TP,2,0.0245,5.45,9
EURAUD,LONG,2025-08-27 04:00:00,1.7910300000000001,1.7881959460000643,2025-09-01 08:00:00,1.7910784460000642,TP,2,0.0284,5.28,19
GBPNZD,LONG,2025-09-01 04:00:00,2.287140185476724,2.287140185476724,2025-09-01 08:00:00,2.2914401854767243,TP,1,0.0111,2.79,1
GBPCHF,LONG,2025-08-29 08:00:00,1.079145,1.079145,2025-08-29 20:00:00,1.081255,TP,1,0.0111,2.9,3
GBPNZD,LONG,2025-08-29 08:00:00,2.28671,2.28671,2025-08-29 16:00:00,2.2909355,TP,1,0.0111,2.74,2
AUDCHF,SHORT,2025-08-29 04:00:00,0.52472,0.52472,2025-08-29 08:00:00,0.523467,TP,1,0.0229,3.52,1
NZDCAD,LONG,2025-08-27 08:00:00,0.807225,0.807225,2025-08-28 16:00:00,0.809015,TP,1,0.0257,3.27,8
GBPCAD,LONG,2025-08-28 08:00:00,1.858235574123224,1.858235574123224,2025-08-28 16:00:00,1.8611690741232239,TP,1,0.0111,2.34,2
GBPNZD,SHORT,2025-08-26 00:00:00,2.3027561370909275,2.3027561370909275,2025-08-28 16:00:00,2.2982521370909272,TP,1,0.0111,2.92,16
NZDUSD,LONG,2025-08-27 08:00:00,0.582925,0.582925,2025-08-27 16:00:00,0.5848275,TP,1,0.0257,4.82,2
NZDUSD,LONG,2025-08-26 04:00:00,0.584115,0.584115,2025-08-26 16:00:00,0.5858945,TP,1,0.0257,4.49,3
NZDCAD,LONG,2025-08-26 04:00:00,0.809225,0.809225,2025-08-26 16:00:00,0.8109415,TP,1,0.0257,3.11,3
EURCHF,LONG,2025-08-25 20:00:00,0.9363100000000001,0.9363100000000001,2025-08-26 12:00:00,0.9378065,TP,1,0.0129,2.36,4
CADCHF,LONG,2025-08-19 12:00:00,0.582355,0.582355,2025-08-26 08:00:00,0.582213609702955,TP,1,0.0208,-0.43,29
USDNOK,LONG,2025-08-26 00:00:00,10.101731078431804,10.101731078431804,2025-08-26 08:00:00,10.139244578431803,TP,1,0.015,5.48,2
AUDCAD,SHORT,2025-08-25 16:00:00,0.8991615532764371,0.8991615532764371,2025-08-26 04:00:00,0.897459553276437,TP,1,0.0231,2.77,3
EURAUD,LONG,2025-08-25 20:00:00,1.79207,1.79207,2025-08-26 00:00:00,1.7960725,TP,1,0.0129,3.31,1
USDNOK,LONG,2025-08-25 12:00:00,10.0960525,10.0960525,2025-08-25 20:00:00,10.1328875,TP,1,0.015,5.41,2
EURAUD,SHORT,2025-08-18 16:00:00,1.7964499999999999,1.8022730163174712,2025-08-25 12:00:00,1.8010913446937313,TP,3,0.0438,3.23,29
GBPNZD,SHORT,2025-08-22 04:00:00,2.30648,2.30648,2025-08-25 08:00:00,2.300068,TP,1,0.0112,4.18,7
USDNOK,LONG,2025-08-22 16:00:00,10.0595925,10.0595925,2025-08-25 08:00:00,10.0942925,TP,1,0.015,5.11,4
AUDCAD,SHORT,2025-08-22 16:00:00,0.8983025011225908,0.8983025011225908,2025-08-25 04:00:00,0.8965730011225908,TP,1,0.0231,2.82,3
GBPCAD,SHORT,2025-08-22 16:00:00,1.870585,1.870585,2025-08-25 04:00:00,1.867296,TP,1,0.0111,2.6,3
NZDCAD,LONG,2025-08-20 04:00:00,0.808265,0.808265,2025-08-22 16:00:00,0.810246,TP,1,0.0257,3.61,15
AUDUSD,LONG,2025-08-19 16:00:00,0.645695,0.6445026444547164,2025-08-22 16:00:00,0.6461076444547164,TP,2,0.0512,8.06,18
NZDUSD,LONG,2025-08-20 08:00:00,0.5829650000000001,0.5829650000000001,2025-08-22 16:00:00,0.5847215,TP,1,0.0257,4.44,14
AUDCAD,LONG,2025-08-20 04:00:00,0.8937299999999999,0.8924090250155634,2025-08-22 04:00:00,0.8939610250155634,TP,2,0.0513,5.56,12
GBPCAD,SHORT,2025-08-19 04:00:00,1.864835,1.8669971198006197,2025-08-22 04:00:00,1.8638146198006198,TP,2,0.0244,5.51,18
GBPNZD,SHORT,2025-08-20 20:00:00,2.30988,2.30988,2025-08-22 00:00:00,2.303526,TP,1,0.0111,4.09,7
GBPCHF,LONG,2025-08-20 16:00:00,1.082255,1.082255,2025-08-21 12:00:00,1.084555,TP,1,0.0111,3.15,5
EURCHF,LONG,2025-08-20 16:00:00,0.93742,0.93742,2025-08-21 12:00:00,0.9387395,TP,1,0.0129,2.07,5
AUDCHF,LONG,2025-08-19 08:00:00,0.522584731194254,0.522584731194254,2025-08-20 16:00:00,0.5173847311942539,SL,1,0.0231,-15.03,8
GBPNZD,SHORT,2025-08-20 08:00:00,2.31576,2.31576,2025-08-20 16:00:00,2.309922,TP,1,0.0111,3.75,2
USDNOK,SHORT,2025-08-19 20:00:00,10.27881777565985,10.27881777565985,2025-08-20 12:00:00,10.248939775659851,TP,1,0.015,4.33,4
GBPNZD,SHORT,2025-08-19 08:00:00,2.2843400000000003,2.2843400000000003,2025-08-20 04:00:00,2.3015420000000004,SL,1,0.0111,-11.15,5
NZDUSD,LONG,2025-08-19 16:00:00,0.589995,0.589995,2025-08-20 04:00:00,0.584388,SL,1,0.0254,-14.33,3
GBPCHF,SHORT,2025-08-07 12:00:00,1.084405,1.088744564895193,2025-08-19 12:00:00,1.0887189805485022,TP,3,0.0378,0.01,48
GBPNZD,SHORT,2025-08-18 12:00:00,2.28304,2.28304,2025-08-19 00:00:00,2.278852,TP,1,0.0111,2.72,3
GBPCAD,SHORT,2025-08-13 12:00:00,1.867155,1.867155,2025-08-18 20:00:00,1.8646885,TP,1,0.0111,1.94,20
EURCHF,SHORT,2025-08-18 04:00:00,0.94362,0.94362,2025-08-18 12:00:00,0.9421640000000001,TP,1,0.0128,2.27,2
GBPNZD,SHORT,2025-08-14 12:00:00,2.2848800000000002,2.2848800000000002,2025-08-18 08:00:00,2.28043,TP,1,0.0111,2.89,11
EURAUD,SHORT,2025-08-14 16:00:00,1.793751137008947,1.7963428625745117,2025-08-18 08:00:00,1.7933953625745118,TP,2,0.0283,5.34,10
CADCHF,LONG,2025-08-15 16:00:00,0.5831477381278306,0.5831477381278306,2025-08-18 04:00:00,0.5843912381278307,TP,1,0.0207,3.13,3
USDNOK,LONG,2025-08-18 00:00:00,10.155980232688005,10.155980232688005,2025-08-18 04:00:00,10.184655232688005,TP,1,0.015,4.18,1
NZDCHF,LONG,2025-08-15 04:00:00,0.4771219528836522,0.4771219528836522,2025-08-18 00:00:00,0.4782829528836522,TP,1,0.0253,3.57,5
EURCHF,SHORT,2025-08-04 08:00:00,0.93504,0.9384624270737855,2025-08-18 00:00:00,0.9445604270737854,SL,3,0.0439,-33.29,58
NZDUSD,LONG,2025-08-14 16:00:00,0.590864744531448,0.590864744531448,2025-08-15 08:00:00,0.5928332445314479,TP,1,0.0254,4.92,4
AUDCAD,SHORT,2025-08-12 16:00:00,0.8989942113447302,0.9004678023801266,2025-08-14 12:00:00,0.8986133023801265,TP,2,0.0504,6.63,11
NZDUSD,SHORT,2025-08-13 08:00:00,0.5983949999999999,0.5983949999999999,2025-08-14 08:00:00,0.596584,TP,1,0.0251,4.46,6
GBPNZD,SHORT,2025-08-07 12:00:00,2.2561430265418405,2.260799393789706,2025-08-14 08:00:00,2.2807233937897062,SL,2,0.0245,-29.16,29
NZDCAD,SHORT,2025-08-14 04:00:00,0.822185,0.822185,2025-08-14 08:00:00,0.8204665,TP,1,0.0251,3.05,1
AUDUSD,SHORT,2025-08-13 08:00:00,0.655045,0.655045,2025-08-14 08:00:00,0.6531075,TP,1,0.0229,4.37,6
NZDCAD,SHORT,2025-08-13 08:00:00,0.823505,0.823505,2025-08-14 00:00:00,0.821841,TP,1,0.0251,2.96,4
CADCHF,LONG,2025-08-13 08:00:00,0.583765,0.583765,2025-08-13 20:00:00,0.585064,TP,1,0.0206,3.27,3
GBPCAD,SHORT,2025-08-07 12:00:00,1.8433549999999999,1.8495665413471691,2025-08-13 08:00:00,1.8616875413471692,SL,3,0.0379,-33.51,23
AUDCHF,SHORT,2025-08-08 08:00:00,0.52708,0.5282680426665253,2025-08-12 08:00:00,0.5268040426665253,TP,2,0.0506,9.0,12
CADCHF,SHORT,2025-08-11 16:00:00,0.5895050000000001,0.5895050000000001,2025-08-12 08:00:00,0.5882215000000001,TP,1,0.0207,3.21,4
NZDCHF,SHORT,2025-08-11 16:00:00,0.48216499999999995,0.48216499999999995,2025-08-12 08:00:00,0.4808785,TP,1,0.0253,3.94,4
AUDCAD,SHORT,2025-08-12 04:00:00,0.8985399266299738,0.8985399266299738,2025-08-12 08:00:00,0.8967139266299737,TP,1,0.023,2.98,1
NZDCHF,SHORT,2025-08-08 08:00:00,0.4815157452067447,0.4815157452067447,2025-08-11 00:00:00,0.48014974520674475,TP,1,0.0252,4.19,4
NZDCHF,SHORT,2025-08-07 12:00:00,0.481095,0.481095,2025-08-07 16:00:00,0.47969550000000005,TP,1,0.0252,4.29,1
AUDUSD,SHORT,2025-08-07 08:00:00,0.653065,0.653065,2025-08-07 16:00:00,0.651201,TP,1,0.023,4.21,2
AUDCHF,SHORT,2025-08-07 08:00:00,0.5263800448209572,0.5263800448209572,2025-08-07 16:00:00,0.5248655448209573,TP,1,0.023,4.24,2
AUDCAD,SHORT,2025-08-07 08:00:00,0.896833063860225,0.896833063860225,2025-08-07 16:00:00,0.8950535638602249,TP,1,0.023,2.9,2
NZDUSD,SHORT,2025-08-07 08:00:00,0.5966651882638736,0.5966651882638736,2025-08-07 12:00:00,0.5948571882638737,TP,1,0.0252,4.48,1
USDNOK,LONG,2025-08-07 04:00:00,10.155993464318747,10.155993464318747,2025-08-07 08:00:00,10.189971964318747,TP,1,0.015,4.95,1
EURAUD,SHORT,2025-08-06 20:00:00,1.792895417619901,1.792895417619901,2025-08-07 08:00:00,1.7889154176199011,TP,1,0.0129,3.31,3
NZDCAD,LONG,2025-08-01 16:00:00,0.8141087744719706,0.8141087744719706,2025-08-07 04:00:00,0.8159862744719706,TP,1,0.0254,3.4,21
NZDUSD,LONG,2025-07-29 00:00:00,0.5962296351468805,0.5928293402781074,2025-08-06 12:00:00,0.5929849799452702,TP,3,0.0861,1.08,39
AUDUSD,LONG,2025-07-28 08:00:00,0.6521910181493801,0.6483352166035042,2025-08-06 04:00:00,0.6487204089964953,TP,3,0.0788,2.8,41
GBPNZD,SHORT,2025-08-05 08:00:00,2.25561,2.25561,2025-08-06 00:00:00,2.2508385,TP,1,0.0113,3.15,4
GBPCAD,LONG,2025-08-01 20:00:00,1.8260353746206472,1.8260353746206472,2025-08-04 12:00:00,1.8311418746206471,TP,1,0.0113,4.15,4
NZDCHF,LONG,2025-08-01 16:00:00,0.4759809759803801,0.4759809759803801,2025-08-04 08:00:00,0.47758797598038005,TP,1,0.0254,4.97,4
GBPCHF,LONG,2025-08-01 16:00:00,1.068485,1.068485,2025-08-04 08:00:00,1.071283,TP,1,0.0113,3.88,4
EURAUD,SHORT,2025-08-01 16:00:00,1.789716570377352,1.789716570377352,2025-08-04 04:00:00,1.7842060703773521,TP,1,0.013,4.6,3
AUDCHF,LONG,2025-08-01 16:00:00,0.519755508520311,0.519755508520311,2025-08-04 00:00:00,0.521582508520311,TP,1,0.0232,5.2,2
AUDCAD,LONG,2025-08-01 20:00:00,0.8889368739056211,0.8889368739056211,2025-08-04 00:00:00,0.8915718739056212,TP,1,0.0232,4.36,1
GBPCAD,LONG,2025-07-31 00:00:00,1.8317264390373684,1.8280022639987545,2025-08-01 16:00:00,1.8330592639987544,TP,2,0.0249,9.04,10
NZDCAD,LONG,2025-07-31 16:00:00,0.8151756702979144,0.8151756702979144,2025-08-01 12:00:00,0.8171981702979144,TP,1,0.0254,3.65,5
CADCHF,SHORT,2025-08-01 08:00:00,0.588735,0.588735,2025-08-01 12:00:00,0.5871069999999999,TP,1,0.0208,4.14,1
AUDCAD,LONG,2025-07-31 16:00:00,0.8900356547697215,0.8900356547697215,2025-08-01 12:00:00,0.8923216547697215,TP,1,0.0233,3.79,5
USDNOK,SHORT,2025-07-30 12:00:00,10.254237499999999,10.28547527272727,2025-08-01 12:00:00,10.246832272727271,TP,2,0.033,12.38,12
EURCHF,LONG,2025-07-31 16:00:00,0.92811,0.92811,2025-08-01 00:00:00,0.9296395,TP,1,0.0131,2.43,2
CADCHF,SHORT,2025-07-30 12:00:00,0.5869150000000001,0.588152702871449,2025-07-31 16:00:00,0.586542702871449,TP,2,0.0456,8.9,7
EURAUD,LONG,2025-07-28 20:00:00,1.776916615514942,1.7732584837007959,2025-07-31 16:00:00,1.7781899837007957,TP,2,0.0287,9.01,17
NZDCHF,SHORT,2025-07-31 08:00:00,0.481794430480451,0.481794430480451,2025-07-31 12:00:00,0.48041493048045103,TP,1,0.0254,4.23,1
AUDCAD,LONG,2025-07-30 16:00:00,0.89154,0.889742010258985,2025-07-31 04:00:00,0.8920655102589851,TP,2,0.0512,8.46,3
NZDCAD,LONG,2025-07-30 16:00:00,0.8163304948648612,0.8163304948648612,2025-07-31 04:00:00,0.8183549948648612,TP,1,0.0254,3.64,3
GBPCHF,SHORT,2025-07-30 16:00:00,1.0798714006893972,1.0798714006893972,2025-07-30 20:00:00,1.0772784006893972,TP,1,0.0113,3.56,1
GBPCAD,LONG,2025-07-30 16:00:00,1.8330925993070368,1.8330925993070368,2025-07-30 20:00:00,1.8370740993070367,TP,1,0.0113,3.22,1
CADCHF,SHORT,2025-07-29 08:00:00,0.5858127203015389,0.5858127203015389,2025-07-30 00:00:00,0.5844072203015388,TP,1,0.0206,3.54,4
AUDCHF,SHORT,2025-07-29 16:00:00,0.5254804214840456,0.5254804214840456,2025-07-30 00:00:00,0.5241329214840457,TP,1,0.023,3.79,2
USDNOK,SHORT,2025-07-29 08:00:00,10.22378981510907,10.22378981510907,2025-07-30 00:00:00,10.187657315109071,TP,1,0.015,5.28,4
GBPCAD,LONG,2025-07-28 16:00:00,1.8354350000000001,1.8354350000000001,2025-07-29 20:00:00,1.8389065,TP,1,0.0112,2.79,7
GBPNZD,LONG,2025-07-29 04:00:00,2.2352687081674163,2.2352687081674163,2025-07-29 08:00:00,2.2404997081674165,TP,1,0.0112,3.47,1
GBPCHF,LONG,2025-07-25 12:00:00,1.0710229157912468,1.0710229157912468,2025-07-28 12:00:00,1.0732849157912467,TP,1,0.0112,3.12,6
CADCHF,LONG,2025-07-25 16:00:00,0.5799949999999999,0.5799949999999999,2025-07-28 08:00:00,0.581263,TP,1,0.0206,3.2,4
NZDCAD,SHORT,2025-07-23 16:00:00,0.8217027585472391,0.8232232601609814,2025-07-28 08:00:00,0.8212682601609813,TP,2,0.0547,7.63,16
GBPNZD,LONG,2025-07-23 08:00:00,2.24506,2.2405271527171307,2025-07-28 08:00:00,2.245723652717131,TP,2,0.0244,7.49,18
AUDCAD,SHORT,2025-07-23 16:00:00,0.8968887635748994,0.89818768908322,2025-07-28 08:00:00,0.8963696890832199,TP,2,0.05,6.47,16
GBPCAD,LONG,2025-07-25 12:00:00,1.8378996633963147,1.8378996633963147,2025-07-25 16:00:00,1.8411936633963146,TP,1,0.0112,2.65,1
EURCHF,SHORT,2025-07-24 16:00:00,0.9350829445460686,0.9350829445460686,2025-07-25 12:00:00,0.9335764445460686,TP,1,0.0128,2.37,5
AUDUSD,SHORT,2025-07-23 04:00:00,0.656695,0.658111240034087,2025-07-25 12:00:00,0.656269740034087,TP,2,0.0502,9.09,14
NZDUSD,SHORT,2025-07-23 04:00:00,0.601545,0.6031180619249477,2025-07-25 08:00:00,0.6012730619249477,TP,2,0.0548,9.94,13
AUDCHF,SHORT,2025-07-24 04:00:00,0.52448,0.52448,2025-07-25 04:00:00,0.523065,TP,1,0.0227,3.96,6
NZDCHF,SHORT,2025-07-24 08:00:00,0.48071499999999995,0.48071499999999995,2025-07-24 20:00:00,0.479394,TP,1,0.0248,4.04,3
EURAUD,LONG,2025-07-24 04:00:00,1.7788700000000002,1.7788700000000002,2025-07-24 16:00:00,1.782988,TP,1,0.0127,3.42,3
NZDCHF,SHORT,2025-07-23 12:00:00,0.4796388402549248,0.4796388402549248,2025-07-24 00:00:00,0.47835284025492486,TP,1,0.0249,3.96,3
USDNOK,LONG,2025-07-22 16:00:00,10.073702500000001,10.073702500000001,2025-07-23 16:00:00,10.112469,TP,1,0.015,5.7,6
EURAUD,LONG,2025-07-23 12:00:00,1.7797100000000001,1.7797100000000001,2025-07-23 16:00:00,1.7834755,TP,1,0.0128,3.13,1
EURCHF,LONG,2025-07-23 08:00:00,0.9295577314658927,0.9295577314658927,2025-07-23 16:00:00,0.9308907314658926,TP,1,0.0128,2.11,2
GBPCAD,LONG,2025-07-23 00:00:00,1.8389550000000001,1.8389550000000001,2025-07-23 12:00:00,1.841861,TP,1,0.0111,2.34,3
GBPCHF,LONG,2025-07-22 16:00:00,1.071925,1.071925,2025-07-23 08:00:00,1.0740085000000001,TP,1,0.0111,2.88,4
AUDCHF,LONG,2025-07-23 00:00:00,0.5187811687192764,0.5187811687192764,2025-07-23 04:00:00,0.5200716687192763,TP,1,0.0229,3.65,1
NZDCHF,LONG,2025-07-23 00:00:00,0.4747011495606085,0.4747011495606085,2025-07-23 04:00:00,0.47595464956060846,TP,1,0.025,3.87,1
AUDCHF,LONG,2025-07-22 08:00:00,0.51897,0.51897,2025-07-22 12:00:00,0.5203525,TP,1,0.023,3.92,1
GBPNZD,SHORT,2025-07-22 08:00:00,2.26881,2.26881,2025-07-22 12:00:00,2.2639475,TP,1,0.0111,3.19,1
EURAUD,SHORT,2025-07-22 08:00:00,1.7967199999999999,1.7967199999999999,2025-07-22 12:00:00,1.7930125,TP,1,0.0128,3.06,1
NZDCHF,LONG,2025-07-22 08:00:00,0.473885,0.473885,2025-07-22 12:00:00,0.47506699999999996,TP,1,0.0252,3.66,1
NZDCAD,LONG,2025-07-22 08:00:00,0.813415,0.813415,2025-07-22 12:00:00,0.815347,TP,1,0.0252,3.49,1
GBPCAD,LONG,2025-07-21 00:00:00,1.8390397029634686,1.8390397029634686,2025-07-21 08:00:00,1.8424597029634686,TP,1,0.0112,2.76,2
GBPCAD,LONG,2025-07-11 12:00:00,1.8471950000000001,1.843879789174532,2025-07-18 12:00:00,1.8464762254911395,TP,2,0.0245,4.57,30
USDNOK,SHORT,2025-07-16 20:00:00,10.234490036314735,10.273327899951099,2025-07-18 08:00:00,10.2288973999511,TP,2,0.033,14.24,9
AUDUSD,LONG,2025-07-17 04:00:00,0.649075,0.649075,2025-07-18 08:00:00,0.6515584999999999,TP,1,0.0231,5.67,7
NZDCAD,LONG,2025-07-16 04:00:00,0.8160649999999999,0.814353629150075,2025-07-18 00:00:00,0.816463129150075,TP,2,0.0555,8.36,11
AUDCAD,LONG,2025-07-17 04:00:00,0.89008,0.89008,2025-07-18 00:00:00,0.8922985,TP,1,0.0231,3.66,5
NZDUSD,LONG,2025-07-16 20:00:00,0.5947650000000001,0.5929980939855092,2025-07-18 00:00:00,0.5951940939855092,TP,2,0.0556,12.04,7
GBPNZD,SHORT,2025-07-17 08:00:00,2.265470328160365,2.265470328160365,2025-07-18 00:00:00,2.260081828160365,TP,1,0.0112,3.55,4
NZDCHF,LONG,2025-07-14 04:00:00,0.47692500000000004,0.47578216952440044,2025-07-17 16:00:00,0.4771836695244004,TP,2,0.0554,9.47,21
EURAUD,SHORT,2025-07-17 04:00:00,1.793613647846785,1.793613647846785,2025-07-17 16:00:00,1.7887776478467852,TP,1,0.0129,4.01,3
CADCHF,SHORT,2025-07-17 08:00:00,0.5864932894551901,0.5864932894551901,2025-07-17 12:00:00,0.58496778945519,TP,1,0.0206,3.85,1
GBPCHF,LONG,2025-07-09 12:00:00,1.0824331279768504,1.0780385115584292,2025-07-17 08:00:00,1.077802270749308,TP,3,0.0376,-1.22,35
AUDUSD,LONG,2025-07-16 16:00:00,0.6503574827953822,0.6503574827953822,2025-07-16 20:00:00,0.6526109827953822,TP,1,0.023,5.11,1
USDNOK,SHORT,2025-07-15 16:00:00,10.256807499999999,10.256807499999999,2025-07-16 16:00:00,10.217462,TP,1,0.015,5.72,6
CADCHF,SHORT,2025-07-16 12:00:00,0.5856025066046922,0.5856025066046922,2025-07-16 16:00:00,0.5842455066046921,TP,1,0.0206,3.43,1
NZDUSD,LONG,2025-07-16 04:00:00,0.595005,0.595005,2025-07-16 16:00:00,0.596962,TP,1,0.0252,4.86,3
EURCHF,LONG,2025-07-09 12:00:00,0.9319394879557389,0.9319394879557389,2025-07-16 12:00:00,0.9320471176435865,TP,1,0.0128,0.13,30
NZDCAD,LONG,2025-07-15 16:00:00,0.815495,0.815495,2025-07-16 00:00:00,0.817625,TP,1,0.0252,3.85,2
NZDUSD,LONG,2025-07-15 16:00:00,0.5942050000000001,0.5942050000000001,2025-07-16 00:00:00,0.5963430000000001,TP,1,0.0252,5.32,2
EURAUD,LONG,2025-07-15 12:00:00,1.7771100000000002,1.7771100000000002,2025-07-15 16:00:00,1.7817055000000002,TP,1,0.0128,3.8,1
GBPNZD,LONG,2025-07-15 08:00:00,2.24269,2.24269,2025-07-15 16:00:00,2.2484775000000004,TP,1,0.0112,3.8,2
NZDUSD,LONG,2025-07-14 04:00:00,0.5981350000000001,0.5981350000000001,2025-07-15 12:00:00,0.6000635000000001,TP,1,0.0251,4.76,8
NZDCAD,LONG,2025-07-14 08:00:00,0.818602945314334,0.818602945314334,2025-07-15 08:00:00,0.820531445314334,TP,1,0.025,3.45,6
EURAUD,LONG,2025-07-10 16:00:00,1.7777,1.7777,2025-07-14 16:00:00,1.7824275,TP,1,0.0128,3.93,12
AUDCAD,SHORT,2025-07-10 12:00:00,0.8971889970746681,0.8990201133231295,2025-07-14 16:00:00,0.8968511133231294,TP,2,0.0503,7.82,13
USDNOK,SHORT,2025-07-14 04:00:00,10.157879581669176,10.157879581669176,2025-07-14 08:00:00,10.125645581669177,TP,1,0.015,4.73,1
GBPNZD,LONG,2025-07-11 12:00:00,2.2454028595390696,2.2454028595390696,2025-07-14 04:00:00,2.25170485953907,TP,1,0.0111,4.15,4
AUDCHF,SHORT,2025-07-10 16:00:00,0.5243099999999999,0.5243099999999999,2025-07-14 04:00:00,0.5226375,TP,1,0.0228,4.72,9
AUDUSD,SHORT,2025-07-11 04:00:00,0.658920743323387,0.658920743323387,2025-07-14 00:00:00,0.656701743323387,TP,1,0.0228,4.99,5
AUDUSD,SHORT,2025-07-10 20:00:00,0.658885,0.658885,2025-07-11 00:00:00,0.656587,TP,1,0.0228,5.16,1
CADCHF,LONG,2025-07-10 12:00:00,0.580883427236808,0.580883427236808,2025-07-10 16:00:00,0.582170927236808,TP,1,0.0205,3.25,1
NZDUSD,LONG,2025-07-08 16:00:00,0.599535,0.599535,2025-07-10 08:00:00,0.6017015,TP,1,0.025,5.35,10
CADCHF,LONG,2025-07-09 12:00:00,0.581305,0.5802344091528792,2025-07-10 08:00:00,0.5814889091528792,TP,2,0.0452,6.99,5
GBPNZD,SHORT,2025-07-09 12:00:00,2.270292719506035,2.270292719506035,2025-07-09 16:00:00,2.264420219506035,TP,1,0.011,3.85,1
NZDCHF,LONG,2025-06-30 12:00:00,0.48346871985691936,0.48222741732717705,2025-07-09 16:00:00,0.47619241732717704,SL,2,0.0543,-41.39,43
GBPNZD,SHORT,2025-07-09 04:00:00,2.2686244387485206,2.2686244387485206,2025-07-09 08:00:00,2.2628949387485204,TP,1,0.011,3.76,1
GBPCHF,LONG,2025-07-08 12:00:00,1.0832309359086143,1.081412071572832,2025-07-09 08:00:00,1.0836465715728318,TP,2,0.0243,6.74,5
CADCHF,LONG,2025-07-08 20:00:00,0.5814628382943138,0.5814628382943138,2025-07-09 04:00:00,0.5828288382943139,TP,1,0.0205,3.45,2
GBPCAD,LONG,2025-07-08 12:00:00,1.8532404990200753,1.8532404990200753,2025-07-08 16:00:00,1.8571174990200752,TP,1,0.011,3.1,1
GBPNZD,SHORT,2025-07-07 04:00:00,2.26554,2.26554,2025-07-08 12:00:00,2.260201,TP,1,0.011,3.5,8
AUDCHF,LONG,2025-07-04 16:00:00,0.5195298740866674,0.5183521602401194,2025-07-08 04:00:00,0.5198251602401194,TP,2,0.0506,9.2,9
NZDUSD,LONG,2025-07-07 04:00:00,0.601025,0.601025,2025-07-08 04:00:00,0.603139,TP,1,0.025,5.2,6
EURAUD,SHORT,2025-07-04 16:00:00,1.7978192375550102,1.801047714098407,2025-07-08 04:00:00,1.7966062140984072,TP,2,0.028,8.06,9
AUDUSD,LONG,2025-07-07 04:00:00,0.650455,0.650455,2025-07-08 04:00:00,0.652543,TP,1,0.0231,4.75,6
NZDCAD,LONG,2025-07-07 04:00:00,0.819435,0.819435,2025-07-08 00:00:00,0.821624,TP,1,0.025,3.93,5
AUDCAD,LONG,2025-07-07 12:00:00,0.8874099999999999,0.8874099999999999,2025-07-08 00:00:00,0.8894449999999999,TP,1,0.0231,3.37,3
AUDCAD,LONG,2025-07-07 04:00:00,0.88684,0.88684,2025-07-07 08:00:00,0.8889825,TP,1,0.0231,3.54,1
GBPCAD,LONG,2025-07-02 12:00:00,1.857185,1.8534799117898115,2025-07-04 20:00:00,1.8580619117898114,TP,2,0.0242,8.09,14
NZDCAD,LONG,2025-07-03 12:00:00,0.822665,0.822665,2025-07-04 00:00:00,0.8249575,TP,1,0.0248,4.12,3
AUDCHF,LONG,2025-07-03 04:00:00,0.5200411107052753,0.5200411107052753,2025-07-03 12:00:00,0.5215246107052752,TP,1,0.0228,4.18,2
AUDUSD,SHORT,2025-07-02 20:00:00,0.658345,0.658345,2025-07-03 08:00:00,0.6564114999999999,TP,1,0.0228,4.34,3
GBPNZD,LONG,2025-07-02 12:00:00,2.2470518229222725,2.2429546798485576,2025-07-03 08:00:00,2.2481396798485576,TP,2,0.0242,7.56,5
AUDCHF,LONG,2025-06-30 12:00:00,0.52129,0.5200497248496978,2025-07-03 00:00:00,0.5215387248496978,TP,2,0.0503,9.32,15
EURAUD,SHORT,2025-07-02 12:00:00,1.796383208703018,1.796383208703018,2025-07-02 20:00:00,1.792157708703018,TP,1,0.0128,3.51,2
EURCHF,LONG,2025-07-02 12:00:00,0.93213,0.93213,2025-07-02 16:00:00,0.9339949999999999,TP,1,0.0128,2.97,1
NZDUSD,SHORT,2025-06-30 04:00:00,0.6074594053721888,0.6093601812898254,2025-07-02 12:00:00,0.6072241812898255,TP,2,0.0541,11.4,14
GBPCHF,LONG,2025-06-30 08:00:00,1.092725,1.0905867701919136,2025-07-02 12:00:00,1.0798837701919137,SL,2,0.0241,-32.57,13
NZDCAD,SHORT,2025-06-27 20:00:00,0.8296255616935282,0.8296255616935282,2025-07-02 12:00:00,0.8275612933121346,TP,1,0.0248,3.67,16
AUDCAD,SHORT,2025-07-01 08:00:00,0.89590185344586,0.89590185344586,2025-07-02 12:00:00,0.89378535344586,TP,1,0.0228,3.46,7
AUDUSD,SHORT,2025-06-30 16:00:00,0.657235,0.657235,2025-07-02 12:00:00,0.6552275,TP,1,0.0228,4.51,11
EURAUD,SHORT,2025-07-02 04:00:00,1.7960375588657014,1.7960375588657014,2025-07-02 08:00:00,1.7917830588657016,TP,1,0.0127,3.51,1
GBPCAD,SHORT,2025-07-01 12:00:00,1.8739092499464125,1.8739092499464125,2025-07-02 08:00:00,1.8701712499464125,TP,1,0.0109,2.96,5
EURCHF,LONG,2025-06-30 16:00:00,0.9337182989749973,0.9322632060311267,2025-07-01 16:00:00,0.9341107060311267,TP,2,0.028,6.43,6
EURAUD,SHORT,2025-07-01 12:00:00,1.79562,1.79562,2025-07-01 16:00:00,1.7911805,TP,1,0.0127,3.67,1
EURAUD,SHORT,2025-07-01 04:00:00,1.7946816266819434,1.7946816266819434,2025-07-01 08:00:00,1.7903226266819434,TP,1,0.0127,3.62,1
AUDCAD,SHORT,2025-06-30 16:00:00,0.89554,0.89554,2025-07-01 04:00:00,0.8934679999999999,TP,1,0.0228,3.41,3
EURAUD,SHORT,2025-06-30 12:00:00,1.7939719173998045,1.7939719173998045,2025-06-30 16:00:00,1.7895754173998046,TP,1,0.0128,3.66,1
GBPCAD,SHORT,2025-06-30 12:00:00,1.8725670982107911,1.8725670982107911,2025-06-30 16:00:00,1.8681970982107912,TP,1,0.011,3.48,1
AUDUSD,SHORT,2025-06-30 08:00:00,0.6549636457567471,0.6549636457567471,2025-06-30 12:00:00,0.6529301457567471,TP,1,0.0229,4.6,1
AUDCAD,SHORT,2025-06-27 20:00:00,0.8946058091624579,0.8946058091624579,2025-06-30 12:00:00,0.8925618091624579,TP,1,0.023,3.37,4
GBPCAD,SHORT,2025-06-30 00:00:00,1.8779249999999998,1.8779249999999998,2025-06-30 08:00:00,1.873748,TP,1,0.0109,3.31,2
EURAUD,SHORT,2025-06-27 12:00:00,1.79467,1.79467,2025-06-30 08:00:00,1.7903685,TP,1,0.0128,3.55,5
AUDCHF,LONG,2025-06-27 12:00:00,0.52127,0.52127,2025-06-30 08:00:00,0.5227244999999999,TP,1,0.0229,4.11,5
NZDCHF,LONG,2025-06-27 12:00:00,0.483385,0.483385,2025-06-30 04:00:00,0.4849635,TP,1,0.0247,4.81,4
GBPNZD,SHORT,2025-06-27 20:00:00,2.2663823872389512,2.2663823872389512,2025-06-30 00:00:00,2.2615913872389513,TP,1,0.0109,3.14,1
GBPCAD,SHORT,2025-06-23 16:00:00,1.857785,1.8665606814202236,2025-06-27 20:00:00,1.8824056814202235,SL,3,0.0375,-43.56,25
NZDUSD,SHORT,2025-06-26 04:00:00,0.6064445498452689,0.6064445498452689,2025-06-27 20:00:00,0.604218049845269,TP,1,0.0248,5.45,10
AUDUSD,SHORT,2025-06-26 08:00:00,0.654465,0.654465,2025-06-27 16:00:00,0.652361,TP,1,0.0229,4.75,8
GBPNZD,SHORT,2025-06-26 04:00:00,2.26593733747782,2.26593733747782,2025-06-27 16:00:00,2.2611853374778197,TP,1,0.0109,3.12,9
GBPCHF,LONG,2025-06-27 12:00:00,1.094285,1.094285,2025-06-27 16:00:00,1.0970395,TP,1,0.0109,3.73,1
NZDCAD,SHORT,2025-06-25 04:00:00,0.8284781542215002,0.8284781542215002,2025-06-27 16:00:00,0.8261216542215002,TP,1,0.0249,4.21,15
AUDCAD,SHORT,2025-06-26 04:00:00,0.8946200000000001,0.8946200000000001,2025-06-27 08:00:00,0.892416,TP,1,0.023,3.65,7
EURAUD,SHORT,2025-06-24 20:00:00,1.7888166107441152,1.7888166107441152,2025-06-27 00:00:00,1.7844346107441154,TP,1,0.0129,3.67,13
NZDCHF,LONG,2025-06-26 16:00:00,0.4840721247407642,0.4840721247407642,2025-06-27 00:00:00,0.4858981247407642,TP,1,0.0247,5.56,2
AUDCHF,LONG,2025-06-24 16:00:00,0.52317,0.52317,2025-06-27 00:00:00,0.524952,TP,1,0.0231,5.06,14
NZDCHF,LONG,2025-06-24 16:00:00,0.484175,0.484175,2025-06-26 00:00:00,0.486191,TP,1,0.0249,6.18,8
USDNOK,SHORT,2025-06-25 12:00:00,10.1753775,10.1753775,2025-06-25 20:00:00,10.133208,TP,1,0.015,6.2,2
EURCHF,LONG,2025-06-24 16:00:00,0.9342936973849706,0.9342936973849706,2025-06-25 12:00:00,0.9365741973849706,TP,1,0.0129,3.61,5
GBPCHF,LONG,2025-06-25 00:00:00,1.0945782359277152,1.0945782359277152,2025-06-25 08:00:00,1.0976732359277153,TP,1,0.011,4.2,2
GBPNZD,SHORT,2025-06-24 16:00:00,2.2631721588149105,2.2631721588149105,2025-06-25 04:00:00,2.2568071588149103,TP,1,0.011,4.19,3
AUDCAD,SHORT,2025-06-24 08:00:00,0.8928092135568649,0.8928092135568649,2025-06-24 16:00:00,0.8898922135568649,TP,1,0.0231,4.84,2
CADCHF,LONG,2025-06-23 00:00:00,0.5939748719878198,0.5939748719878198,2025-06-24 16:00:00,0.5867298719878199,SL,1,0.0206,-18.65,10
NZDCHF,LONG,2025-06-20 16:00:00,0.48792500000000005,0.48647669691177964,2025-06-24 08:00:00,0.4885716969117796,TP,2,0.0553,14.12,10
EURAUD,SHORT,2025-06-20 16:00:00,1.78606,1.7900407887095782,2025-06-24 08:00:00,1.7842282887095782,TP,2,0.0287,10.75,10
GBPNZD,SHORT,2025-06-20 16:00:00,2.2546,2.2595409930614774,2025-06-24 08:00:00,2.252529993061477,TP,2,0.0246,10.3,10
AUDCHF,LONG,2025-06-23 00:00:00,0.526330821605889,0.5246835430114067,2025-06-24 04:00:00,0.5269545430114067,TP,2,0.0514,14.23,7
AUDUSD,LONG,2025-06-23 00:00:00,0.643665,0.6415862555030223,2025-06-23 20:00:00,0.6444117555030223,TP,2,0.0514,14.37,5
NZDUSD,LONG,2025-06-19 04:00:00,0.5986102622282382,0.5939103322652562,2025-06-23 20:00:00,0.5967178322652562,TP,3,0.0858,23.82,16
AUDCAD,LONG,2025-06-23 12:00:00,0.88086,0.88086,2025-06-23 16:00:00,0.8836025000000001,TP,1,0.0235,4.6,1
NZDCAD,LONG,2025-06-23 00:00:00,0.817211868898097,0.8150084069532355,2025-06-23 16:00:00,0.8177709069532355,TP,2,0.0557,11.01,4
GBPCHF,LONG,2025-06-23 00:00:00,1.0959734248313995,1.0959734248313995,2025-06-23 16:00:00,1.0991129248313996,TP,1,0.0112,4.28,4
USDNOK,SHORT,2025-06-20 16:00:00,10.097937499999999,10.132913954545453,2025-06-23 16:00:00,10.087754954545453,TP,2,0.033,14.65,6
AUDCAD,LONG,2025-06-23 04:00:00,0.8812599999999999,0.8812599999999999,2025-06-23 08:00:00,0.8839525,TP,1,0.0234,4.51,1
EURAUD,SHORT,2025-06-20 04:00:00,1.7779652296190698,1.7779652296190698,2025-06-20 12:00:00,1.77352772961907,TP,1,0.013,3.71,2
GBPCHF,LONG,2025-06-17 16:00:00,1.098185,1.098185,2025-06-20 04:00:00,1.1013985,TP,1,0.0111,4.35,15
USDNOK,SHORT,2025-06-19 08:00:00,10.05269637462944,10.05269637462944,2025-06-20 04:00:00,10.01362387462944,TP,1,0.015,5.81,5
NZDCHF,LONG,2025-06-19 08:00:00,0.488335,0.488335,2025-06-20 00:00:00,0.490025,TP,1,0.0251,5.12,4
EURAUD,SHORT,2025-06-19 16:00:00,1.7777838645224289,1.7777838645224289,2025-06-20 00:00:00,1.773071364522429,TP,1,0.0131,3.96,2
AUDUSD,LONG,2025-06-19 16:00:00,0.6447154076318748,0.6447154076318748,2025-06-19 20:00:00,0.6472729076318748,TP,1,0.0232,5.88,1
GBPCAD,LONG,2025-06-13 12:00:00,1.842745,1.8393703250682218,2025-06-19 12:00:00,1.8436003250682218,TP,2,0.0244,7.46,24
GBPNZD,LONG,2025-06-17 16:00:00,2.2306490589537784,2.2306490589537784,2025-06-19 04:00:00,2.2363475589537787,TP,1,0.0111,3.77,9
USDNOK,LONG,2025-06-12 00:00:00,10.032654356077863,10.00234317425968,2025-06-18 20:00:00,9.98155433470722,TP,2,0.033,-6.98,29
EURAUD,SHORT,2025-06-11 20:00:00,1.76708,1.7707944691939645,2025-06-17 08:00:00,1.7668389083454443,TP,2,0.0287,7.33,21
NZDUSD,SHORT,2025-06-16 16:00:00,0.6084049686436319,0.6084049686436319,2025-06-17 00:00:00,0.605641968643632,TP,1,0.0247,6.74,2
AUDCAD,LONG,2025-06-13 00:00:00,0.8826499999999999,0.8826499999999999,2025-06-16 16:00:00,0.885465,TP,1,0.0232,4.74,10
NZDCAD,LONG,2025-06-13 08:00:00,0.8194248444022737,0.8194248444022737,2025-06-16 16:00:00,0.8221588444022737,TP,1,0.0249,4.95,8
NZDCHF,LONG,2025-06-13 12:00:00,0.48846500000000004,0.48846500000000004,2025-06-16 12:00:00,0.49070400000000003,TP,1,0.025,6.82,6
AUDCHF,LONG,2025-06-13 12:00:00,0.52674,0.52674,2025-06-16 08:00:00,0.5291524999999999,TP,1,0.0232,6.81,5
GBPCHF,LONG,2025-06-13 20:00:00,1.101015,1.101015,2025-06-16 08:00:00,1.1043045,TP,1,0.0111,4.45,3
GBPCHF,LONG,2025-06-13 12:00:00,1.100295,1.100295,2025-06-13 16:00:00,1.1035975,TP,1,0.0111,4.48,1
AUDCHF,LONG,2025-06-13 04:00:00,0.5238200000000001,0.5238200000000001,2025-06-13 08:00:00,0.5259615,TP,1,0.0232,6.04,1
CADCHF,LONG,2025-06-12 20:00:00,0.5957749999999999,0.5944836374673331,2025-06-13 08:00:00,0.5962386374673332,TP,2,0.0449,9.57,3
EURCHF,LONG,2025-06-13 00:00:00,0.9328000000000001,0.9328000000000001,2025-06-13 08:00:00,0.9347425,TP,1,0.013,3.06,2
GBPCHF,LONG,2025-06-13 04:00:00,1.095805,1.095805,2025-06-13 08:00:00,1.0988434999999999,TP,1,0.0111,4.11,1
NZDCHF,LONG,2025-06-13 04:00:00,0.486455,0.486455,2025-06-13 08:00:00,0.488476,TP,1,0.025,6.14,1
NZDCAD,LONG,2025-06-13 00:00:00,0.819565,0.819565,2025-06-13 04:00:00,0.8220985,TP,1,0.0249,4.55,1
AUDCHF,LONG,2025-06-12 20:00:00,0.5293,0.5293,2025-06-13 00:00:00,0.522276,SL,1,0.023,-20.06,1
NZDCHF,LONG,2025-06-12 04:00:00,0.49205090440881377,0.49205090440881377,2025-06-13 00:00:00,0.4853599044088137,SL,1,0.0249,-20.69,5
GBPCHF,LONG,2025-06-12 08:00:00,1.105125,1.105125,2025-06-13 00:00:00,1.094656,SL,1,0.0111,-14.38,4
AUDCHF,LONG,2025-06-12 04:00:00,0.53057,0.5293250731984754,2025-06-12 16:00:00,0.5309505731984754,TP,2,0.0508,10.01,3
EURCHF,SHORT,2025-06-12 12:00:00,0.94172,0.94172,2025-06-12 16:00:00,0.9402280000000001,TP,1,0.0129,2.33,1
CADCHF,LONG,2025-06-12 08:00:00,0.596575,0.596575,2025-06-12 16:00:00,0.5980385,TP,1,0.0205,3.63,2
EURCHF,SHORT,2025-06-10 20:00:00,0.9400875151864485,0.9412388926146155,2025-06-12 08:00:00,0.9398743926146155,TP,2,0.0288,4.74,9
GBPNZD,SHORT,2025-06-12 04:00:00,2.2561643027289686,2.2561643027289686,2025-06-12 08:00:00,2.2502548027289686,TP,1,0.011,3.9,1
GBPNZD,LONG,2025-06-09 08:00:00,2.24052,2.2366130407045866,2025-06-11 16:00:00,2.2417755407045865,TP,2,0.0244,7.54,14
NZDUSD,SHORT,2025-06-11 12:00:00,0.6065607391398594,0.6065607391398594,2025-06-11 16:00:00,0.6042857391398595,TP,1,0.0248,5.56,1
GBPCAD,LONG,2025-06-10 08:00:00,1.848745,1.8457249342822661,2025-06-11 16:00:00,1.849676434282266,TP,2,0.0245,7.0,8
AUDUSD,SHORT,2025-06-11 12:00:00,0.653158265940315,0.653158265940315,2025-06-11 16:00:00,0.651131765940315,TP,1,0.023,4.59,1
AUDCHF,SHORT,2025-06-10 16:00:00,0.5364727975066218,0.5364727975066218,2025-06-11 04:00:00,0.5350872975066219,TP,1,0.023,3.8,3
AUDUSD,SHORT,2025-06-10 16:00:00,0.6528638666970036,0.6528638666970036,2025-06-11 04:00:00,0.6509748666970036,TP,1,0.023,4.28,3
NZDCHF,SHORT,2025-06-11 00:00:00,0.4978881145771889,0.4978881145771889,2025-06-11 04:00:00,0.4963976145771889,TP,1,0.0248,4.42,1
GBPCHF,LONG,2025-06-10 08:00:00,1.1071829437077103,1.1071829437077103,2025-06-10 12:00:00,1.1097959437077103,TP,1,0.0111,3.5,1
AUDUSD,SHORT,2025-06-09 04:00:00,0.6514828968428538,0.6514828968428538,2025-06-10 08:00:00,0.6494963968428538,TP,1,0.023,4.51,7
AUDCAD,SHORT,2025-06-10 04:00:00,0.8937,0.8937,2025-06-10 08:00:00,0.891767,TP,1,0.023,3.17,1
NZDCHF,SHORT,2025-06-10 04:00:00,0.49759840721891124,0.49759840721891124,2025-06-10 08:00:00,0.49596790721891126,TP,1,0.0248,4.85,1
AUDCHF,SHORT,2025-06-10 04:00:00,0.5363399999999999,0.5363399999999999,2025-06-10 08:00:00,0.5348299999999999,TP,1,0.023,4.16,1
EURAUD,LONG,2025-06-10 04:00:00,1.74818,1.74818,2025-06-10 08:00:00,1.7520099999999998,TP,1,0.0132,3.24,1
NZDCAD,SHORT,2025-06-10 00:00:00,0.829145,0.829145,2025-06-10 04:00:00,0.8269285000000001,TP,1,0.0248,3.93,1
USDNOK,LONG,2025-06-09 20:00:00,10.052427535098715,10.052427535098715,2025-06-10 04:00:00,10.083092035098716,TP,1,0.015,4.52,2
NZDUSD,SHORT,2025-06-09 20:00:00,0.6053896913802796,0.6053896913802796,2025-06-10 04:00:00,0.6032531913802798,TP,1,0.0248,5.23,2
EURAUD,LONG,2025-06-09 08:00:00,1.7493435169666953,1.7493435169666953,2025-06-10 00:00:00,1.7530780169666953,TP,1,0.0131,3.16,4
NZDUSD,SHORT,2025-06-09 08:00:00,0.605795,0.605795,2025-06-09 16:00:00,0.6036205,TP,1,0.0248,5.31,2
AUDCAD,SHORT,2025-06-09 08:00:00,0.8928852400670682,0.8928852400670682,2025-06-09 16:00:00,0.8910197400670681,TP,1,0.023,3.07,2
NZDCAD,SHORT,2025-06-09 08:00:00,0.828515,0.828515,2025-06-09 16:00:00,0.8263935,TP,1,0.0248,3.77,2
USDNOK,LONG,2025-06-09 08:00:00,10.057847717680385,10.057847717680385,2025-06-09 12:00:00,10.089781217680384,TP,1,0.015,4.7,1
CADCHF,SHORT,2025-06-06 12:00:00,0.602055,0.602055,2025-06-06 16:00:00,0.6003345,TP,1,0.0205,4.23,1
GBPNZD,LONG,2025-06-06 08:00:00,2.241824039730129,2.241824039730129,2025-06-06 12:00:00,2.246990039730129,TP,1,0.0111,3.42,1
NZDUSD,SHORT,2025-06-06 08:00:00,0.6044667396183113,0.6044667396183113,2025-06-06 12:00:00,0.6023232396183114,TP,1,0.0249,5.26,1
EURCHF,SHORT,2025-06-06 08:00:00,0.9395817130543035,0.9395817130543035,2025-06-06 12:00:00,0.9377252130543036,TP,1,0.0131,2.92,1
GBPCAD,LONG,2025-06-06 08:00:00,1.8504515371659858,1.8504515371659858,2025-06-06 12:00:00,1.8535090371659857,TP,1,0.0111,2.44,1
USDNOK,LONG,2025-06-05 12:00:00,10.068331736392864,10.068331736392864,2025-06-06 08:00:00,10.099522736392863,TP,1,0.015,4.59,5
GBPNZD,LONG,2025-06-05 04:00:00,2.2439269605616485,2.2439269605616485,2025-06-06 04:00:00,2.2489939605616485,TP,1,0.0111,3.36,6
NZDUSD,SHORT,2025-06-04 16:00:00,0.6036649999999999,0.605502010031849,2025-06-06 04:00:00,0.6033310100318491,TP,2,0.0546,11.7,9
AUDUSD,SHORT,2025-06-04 16:00:00,0.650335,0.652078084437988,2025-06-06 04:00:00,0.650048084437988,TP,2,0.0507,10.14,9
EURCHF,SHORT,2025-06-05 16:00:00,0.9390341499314002,0.9390341499314002,2025-06-06 00:00:00,0.9372546499314003,TP,1,0.0131,2.8,2
NZDCHF,SHORT,2025-06-05 12:00:00,0.49660499999999996,0.49660499999999996,2025-06-05 20:00:00,0.4948765,TP,1,0.0248,5.15,2
NZDCAD,SHORT,2025-06-05 16:00:00,0.8285013558591383,0.8285013558591383,2025-06-05 20:00:00,0.8261548558591383,TP,1,0.0248,4.18,1
CADCHF,SHORT,2025-06-05 12:00:00,0.6015321391218373,0.6015321391218373,2025-06-05 16:00:00,0.5998486391218373,TP,1,0.0205,4.15,1
AUDCHF,SHORT,2025-06-05 12:00:00,0.5352846393938693,0.5352846393938693,2025-06-05 16:00:00,0.5335086393938693,TP,1,0.023,4.92,1
USDNOK,LONG,2025-06-02 08:00:00,10.099123279440164,10.099123279440164,2025-06-03 16:00:00,10.139048779440163,TP,1,0.015,5.86,8
GBPCHF,LONG,2025-06-02 16:00:00,1.1052312583184158,1.1052312583184158,2025-06-03 12:00:00,1.107945258318416,TP,1,0.0111,3.62,5
AUDCHF,LONG,2025-06-03 08:00:00,0.5275760018365193,0.5275760018365193,2025-06-03 12:00:00,0.5294235018365193,TP,1,0.0232,5.15,1
EURAUD,SHORT,2025-06-03 08:00:00,1.7694467090204185,1.7694467090204185,2025-06-03 12:00:00,1.7642487090204186,TP,1,0.0131,4.37,1
GBPNZD,LONG,2025-06-02 16:00:00,2.24498,2.24498,2025-06-03 08:00:00,2.2516615,TP,1,0.0111,4.41,4
NZDUSD,SHORT,2025-06-02 08:00:00,0.6014377138404801,0.6035976578251302,2025-06-03 08:00:00,0.6007566578251302,TP,2,0.0547,15.37,6
AUDUSD,SHORT,2025-06-02 16:00:00,0.6495121920395505,0.6495121920395505,2025-06-03 04:00:00,0.6471081920395505,TP,1,0.0231,5.49,3
NZDCAD,SHORT,2025-06-03 00:00:00,0.830175,0.830175,2025-06-03 04:00:00,0.827467,TP,1,0.0248,4.81,1
GBPCAD,LONG,2025-05-30 16:00:00,1.851695,1.851695,2025-06-02 12:00:00,1.855525,TP,1,0.0111,3.08,5
AUDCAD,LONG,2025-05-30 08:00:00,0.8863653317199439,0.8863653317199439,2025-06-02 12:00:00,0.888644831719944,TP,1,0.0234,3.82,7
EURAUD,SHORT,2025-05-29 16:00:00,1.7635200480510378,1.7635200480510378,2025-06-02 04:00:00,1.7581815480510379,TP,1,0.0132,4.51,9
GBPCHF,LONG,2025-06-02 00:00:00,1.105857234950869,1.105857234950869,2025-06-02 04:00:00,1.1090887349508691,TP,1,0.0111,4.34,1
AUDCHF,LONG,2025-05-30 00:00:00,0.5293573899765825,0.5293573899765825,2025-06-02 04:00:00,0.5314133899765825,TP,1,0.0233,5.75,7
GBPCHF,SHORT,2025-05-29 00:00:00,1.119545,1.119545,2025-05-29 12:00:00,1.116559,TP,1,0.0112,4.01,3
CADCHF,SHORT,2025-05-29 00:00:00,0.601815,0.601815,2025-05-29 08:00:00,0.5998359999999999,TP,1,0.0208,4.89,2
NZDCHF,SHORT,2025-05-29 00:00:00,0.496285,0.496285,2025-05-29 04:00:00,0.494536,TP,1,0.0252,5.22,1
AUDCAD,LONG,2025-05-28 16:00:00,0.8870455845060646,0.8870455845060646,2025-05-29 00:00:00,0.8893535845060647,TP,1,0.0234,3.82,2
EURAUD,SHORT,2025-05-28 16:00:00,1.7628676961556053,1.7628676961556053,2025-05-28 20:00:00,1.7584746961556055,TP,1,0.0133,3.71,1
GBPCHF,SHORT,2025-05-27 08:00:00,1.11725129541544,1.11725129541544,2025-05-28 12:00:00,1.11408979541544,TP,1,0.0111,4.2,7
USDNOK,LONG,2025-05-19 12:00:00,10.294678800297175,10.218975637195571,2025-05-28 08:00:00,10.191813967622792,TP,3,0.051,-13.8,41
GBPCAD,SHORT,2025-05-27 20:00:00,1.8675585475242915,1.8675585475242915,2025-05-28 04:00:00,1.8634885475242915,TP,1,0.0111,3.23,2
GBPNZD,SHORT,2025-05-27 08:00:00,2.2714600000000003,2.2714600000000003,2025-05-28 04:00:00,2.2655980000000002,TP,1,0.0111,3.83,5
EURAUD,SHORT,2025-05-27 12:00:00,1.7620363414036184,1.7620363414036184,2025-05-28 00:00:00,1.7578063414036185,TP,1,0.0132,3.56,3
NZDCAD,LONG,2025-05-27 16:00:00,0.8183310948090373,0.8183310948090373,2025-05-27 20:00:00,0.8205905948090373,TP,1,0.0252,4.05,1
AUDCAD,LONG,2025-05-27 08:00:00,0.8875799999999999,0.8875799999999999,2025-05-27 20:00:00,0.889806,TP,1,0.0233,3.68,3
GBPCAD,SHORT,2025-05-27 12:00:00,1.8664470820952446,1.8664470820952446,2025-05-27 16:00:00,1.8627420820952447,TP,1,0.0111,2.94,1
NZDUSD,SHORT,2025-05-23 12:00:00,0.5962282443403298,0.5980564628218196,2025-05-27 08:00:00,0.5960909628218196,TP,2,0.0552,10.68,11
AUDUSD,SHORT,2025-05-23 16:00:00,0.648755,0.650723384089597,2025-05-26 20:00:00,0.6483093840895969,TP,2,0.0507,12.09,7
EURCHF,LONG,2025-05-23 12:00:00,0.9321625163371388,0.9321625163371388,2025-05-26 00:00:00,0.9342640163371387,TP,1,0.0132,3.35,3
EURAUD,SHORT,2025-05-20 16:00:00,1.7575643394039784,1.7575643394039784,2025-05-23 16:00:00,1.7522493391783107,TP,1,0.0133,4.55,18
GBPCAD,SHORT,2025-05-23 12:00:00,1.8658661438058763,1.8658661438058763,2025-05-23 16:00:00,1.8616731438058765,TP,1,0.0111,3.35,1
AUDCHF,LONG,2025-05-21 00:00:00,0.53198,0.53198,2025-05-23 12:00:00,0.5340300401740249,TP,1,0.0233,5.73,15
GBPNZD,SHORT,2025-05-22 04:00:00,2.265526769787244,2.2706672572611204,2025-05-23 12:00:00,2.26489875726112,TP,2,0.0246,8.38,8
AUDCAD,LONG,2025-05-22 16:00:00,0.88874,0.88874,2025-05-23 08:00:00,0.8912105,TP,1,0.0234,4.11,4
NZDCHF,LONG,2025-05-22 04:00:00,0.4886145043386068,0.4886145043386068,2025-05-23 08:00:00,0.4904610043386068,TP,1,0.0253,5.58,7
NZDCAD,LONG,2025-05-22 12:00:00,0.8189871762664397,0.8189871762664397,2025-05-23 08:00:00,0.8212551762664397,TP,1,0.0254,4.09,5
NZDUSD,SHORT,2025-05-21 16:00:00,0.5962949999999999,0.5962949999999999,2025-05-21 20:00:00,0.594143,TP,1,0.0252,5.34,1
NZDCHF,LONG,2025-05-21 00:00:00,0.48950692795620054,0.48950692795620054,2025-05-21 16:00:00,0.4912029279562005,TP,1,0.0253,5.12,4
CADCHF,LONG,2025-05-20 20:00:00,0.5952100422798884,0.5937503728058201,2025-05-21 16:00:00,0.5956828728058201,TP,2,0.0459,10.61,5
GBPCAD,SHORT,2025-05-20 16:00:00,1.863072096697946,1.866416981166614,2025-05-21 12:00:00,1.862065481166614,TP,2,0.0247,7.66,5
EURCHF,LONG,2025-05-21 00:00:00,0.9324291293686885,0.9324291293686885,2025-05-21 08:00:00,0.9345076293686885,TP,1,0.0133,3.3,2
GBPCHF,LONG,2025-05-21 04:00:00,1.104365,1.104365,2025-05-21 08:00:00,1.1072215,TP,1,0.0112,3.83,1
AUDCHF,LONG,2025-05-20 16:00:00,0.532191768696744,0.532191768696744,2025-05-20 20:00:00,0.5341332686967439,TP,1,0.0234,5.41,1
GBPCAD,SHORT,2025-05-19 20:00:00,1.863715,1.863715,2025-05-20 12:00:00,1.859826,TP,1,0.0112,3.1,4
GBPCHF,SHORT,2025-05-20 00:00:00,1.115545,1.115545,2025-05-20 08:00:00,1.112887,TP,1,0.0112,3.55,2
AUDCAD,SHORT,2025-05-19 16:00:00,0.9004800000000001,0.9004800000000001,2025-05-20 04:00:00,0.898065,TP,1,0.0232,3.95,3
GBPNZD,SHORT,2025-05-16 16:00:00,2.259423926913038,2.259423926913038,2025-05-19 20:00:00,2.252408926913038,TP,1,0.0113,4.67,7
GBPCAD,SHORT,2025-05-19 08:00:00,1.864985,1.864985,2025-05-19 16:00:00,1.8608995,TP,1,0.0112,3.25,2
GBPCHF,SHORT,2025-05-19 12:00:00,1.1154950000000001,1.1154950000000001,2025-05-19 16:00:00,1.1127875,TP,1,0.0112,3.61,1
GBPCHF,SHORT,2025-05-12 00:00:00,1.108025,1.1110958807460123,2025-05-19 00:00:00,1.1091224798456603,TP,2,0.0249,5.82,30
GBPCAD,SHORT,2025-05-15 08:00:00,1.857815,1.857815,2025-05-16 12:00:00,1.853966,TP,1,0.0113,3.08,7
NZDUSD,LONG,2025-05-15 12:00:00,0.5866830345364727,0.5866830345364727,2025-05-16 04:00:00,0.5890805345364727,TP,1,0.0255,6.04,4
GBPNZD,SHORT,2025-05-15 08:00:00,2.2557010857278623,2.2611400981879552,2025-05-16 04:00:00,2.255077098187955,TP,2,0.0248,8.82,5
NZDCHF,LONG,2025-05-16 00:00:00,0.48891500000000004,0.48891500000000004,2025-05-16 04:00:00,0.4908395,TP,1,0.0256,5.82,1
EURAUD,LONG,2025-05-12 00:00:00,1.7483287540812344,1.7432355350176418,2025-05-15 12:00:00,1.746896029642923,TP,2,0.0295,6.84,21
AUDCHF,SHORT,2025-05-12 00:00:00,0.5356885532492421,0.5376671919000608,2025-05-15 12:00:00,0.5363112398869256,TP,2,0.0514,8.19,21
AUDCAD,SHORT,2025-05-13 08:00:00,0.8968195730598125,0.8992147489080062,2025-05-15 12:00:00,0.8960992489080062,TP,2,0.0512,11.26,13
EURCHF,SHORT,2025-05-14 16:00:00,0.94092,0.94092,2025-05-15 08:00:00,0.938566,TP,1,0.0134,3.73,4
NZDCHF,SHORT,2025-05-13 08:00:00,0.4961413415078978,0.49785783358286334,2025-05-15 00:00:00,0.4958283335828634,TP,2,0.0558,13.31,10
GBPCAD,SHORT,2025-05-14 08:00:00,1.856805,1.856805,2025-05-15 00:00:00,1.8516450000000002,TP,1,0.0112,4.12,4
USDNOK,LONG,2025-05-14 08:00:00,10.2908025,10.2908025,2025-05-14 16:00:00,10.337664499999999,TP,1,0.015,6.73,2
AUDUSD,SHORT,2025-05-13 16:00:00,0.6473539868452142,0.6473539868452142,2025-05-14 16:00:00,0.6445164868452141,TP,1,0.0232,6.51,6
NZDCAD,SHORT,2025-05-13 16:00:00,0.8285887519688848,0.8285887519688848,2025-05-14 16:00:00,0.8258667519688848,TP,1,0.0253,4.85,6
EURCHF,SHORT,2025-05-13 16:00:00,0.94033,0.94033,2025-05-14 12:00:00,0.938018,TP,1,0.0134,3.66,5
CADCHF,SHORT,2025-05-12 08:00:00,0.602885,0.602885,2025-05-13 08:00:00,0.6004944999999999,TP,1,0.0209,5.9,6
NZDUSD,LONG,2025-05-12 08:00:00,0.5889850000000001,0.5867771212385725,2025-05-13 08:00:00,0.5894066212385725,TP,2,0.0562,14.61,6
AUDUSD,LONG,2025-05-12 16:00:00,0.636435,0.636435,2025-05-13 04:00:00,0.63925,TP,1,0.0236,6.56,3
NZDCHF,SHORT,2025-05-12 08:00:00,0.4955997930688252,0.4955997930688252,2025-05-13 04:00:00,0.4936222930688252,TP,1,0.0255,5.9,5
AUDCAD,SHORT,2025-05-12 04:00:00,0.8957786013559449,0.8957786013559449,2025-05-12 12:00:00,0.8929791013559448,TP,1,0.0233,4.6,2
AUDCAD,SHORT,2025-05-09 16:00:00,0.8951924734121618,0.8951924734121618,2025-05-12 00:00:00,0.8925484734121617,TP,1,0.0234,4.37,2
GBPNZD,SHORT,2025-05-09 12:00:00,2.252932291887515,2.252932291887515,2025-05-12 00:00:00,2.245666791887515,TP,1,0.0113,4.82,3
GBPCAD,SHORT,2025-05-09 16:00:00,1.8541349999999999,1.8541349999999999,2025-05-12 00:00:00,1.848693,TP,1,0.0113,4.37,2
NZDUSD,LONG,2025-05-09 00:00:00,0.589265,0.589265,2025-05-09 16:00:00,0.591789,TP,1,0.0255,6.35,4
AUDUSD,LONG,2025-05-09 04:00:00,0.6375911566201701,0.6375911566201701,2025-05-09 08:00:00,0.64037165662017,TP,1,0.0234,6.44,1
EURAUD,LONG,2025-05-08 16:00:00,1.7506980310173084,1.7506980310173084,2025-05-09 00:00:00,1.7565635310173082,TP,1,0.0134,4.97,2
GBPCAD,SHORT,2025-05-08 12:00:00,1.8512715498746761,1.8512715498746761,2025-05-08 20:00:00,1.8453040498746762,TP,1,0.0113,4.79,2
GBPNZD,SHORT,2025-05-08 12:00:00,2.2497539530877635,2.2497539530877635,2025-05-08 16:00:00,2.2420714530877635,TP,1,0.0113,5.08,1
EURCHF,LONG,2025-05-07 16:00:00,0.9304238501381501,0.9304238501381501,2025-05-08 08:00:00,0.93275935013815,TP,1,0.0132,3.69,4
EURAUD,LONG,2025-05-02 00:00:00,1.7612800000000002,1.7548771032793002,2025-05-07 20:00:00,1.7611066032793001,TP,2,0.0292,11.59,23
USDNOK,LONG,2025-05-06 16:00:00,10.2903325,10.2903325,2025-05-07 20:00:00,10.339416499999999,TP,1,0.015,7.07,7
NZDUSD,SHORT,2025-05-06 16:00:00,0.6000698880251817,0.6000698880251817,2025-05-07 16:00:00,0.5974828880251818,TP,1,0.025,6.39,6
AUDCAD,SHORT,2025-05-06 16:00:00,0.893314392017275,0.893314392017275,2025-05-07 16:00:00,0.8906623920172749,TP,1,0.0231,4.38,6
AUDUSD,SHORT,2025-05-06 16:00:00,0.648675,0.648675,2025-05-07 16:00:00,0.646178,TP,1,0.0231,5.7,6
NZDCAD,SHORT,2025-05-07 00:00:00,0.8286495584273941,0.8286495584273941,2025-05-07 12:00:00,0.8259100584273941,TP,1,0.0249,4.87,3
NZDCHF,SHORT,2025-05-07 04:00:00,0.49579146923881834,0.49579146923881834,2025-05-07 12:00:00,0.4936059692388184,TP,1,0.025,6.57,2
AUDCHF,SHORT,2025-05-06 16:00:00,0.5342450872277476,0.5361520186089581,2025-05-07 08:00:00,0.5336555186089582,TP,2,0.0508,15.21,4
GBPNZD,LONG,2025-05-07 00:00:00,2.2194499999999997,2.2194499999999997,2025-05-07 04:00:00,2.2266994999999996,TP,1,0.0112,4.85,1
NZDCHF,SHORT,2025-05-06 16:00:00,0.4951517099592728,0.4951517099592728,2025-05-07 00:00:00,0.4930107099592729,TP,1,0.025,6.4,2
GBPNZD,LONG,2025-05-02 16:00:00,2.2272279007659925,2.2272279007659925,2025-05-06 12:00:00,2.2341164007659926,TP,1,0.0113,4.62,11
AUDCAD,SHORT,2025-05-02 12:00:00,0.89092,0.8933800219828625,2025-05-06 12:00:00,0.8906290219828624,TP,2,0.0511,10.02,12
AUDUSD,SHORT,2025-05-02 12:00:00,0.644525,0.6467213461572562,2025-05-06 12:00:00,0.6442333461572561,TP,2,0.0511,12.55,12
EURCHF,LONG,2025-05-05 20:00:00,0.9302400000000001,0.9302400000000001,2025-05-06 08:00:00,0.9325055,TP,1,0.0133,3.6,3
AUDCHF,SHORT,2025-05-05 08:00:00,0.5343399999999999,0.5343399999999999,2025-05-06 00:00:00,0.5316949999999999,TP,1,0.0232,7.36,4
NZDUSD,SHORT,2025-05-05 08:00:00,0.5988533228062644,0.5988533228062644,2025-05-05 16:00:00,0.5962988228062645,TP,1,0.0251,6.34,2
NZDCAD,SHORT,2025-05-05 12:00:00,0.827425,0.827425,2025-05-05 16:00:00,0.8247829999999999,TP,1,0.025,4.71,1
GBPCAD,LONG,2025-05-02 12:00:00,1.835499826005167,1.835499826005167,2025-05-05 12:00:00,1.8397313260051669,TP,1,0.0113,3.42,6
AUDCHF,SHORT,2025-05-02 16:00:00,0.5335799999999999,0.5335799999999999,2025-05-05 00:00:00,0.530817,TP,1,0.0233,7.73,2
USDNOK,LONG,2025-05-02 16:00:00,10.325748819015477,10.325748819015477,2025-05-02 20:00:00,10.372845319015477,TP,1,0.015,6.75,1
GBPCHF,LONG,2025-05-02 12:00:00,1.0921997383141735,1.0921997383141735,2025-05-02 16:00:00,1.0960127383141736,TP,1,0.0113,5.17,1
EURCHF,LONG,2025-05-02 12:00:00,0.9324673747069695,0.9324673747069695,2025-05-02 16:00:00,0.9348933747069694,TP,1,0.0133,3.85,1
AUDCHF,SHORT,2025-05-02 00:00:00,0.5325099999999999,0.5325099999999999,2025-05-02 12:00:00,0.5298309999999999,TP,1,0.0234,7.51,3
CADCHF,SHORT,2025-04-30 20:00:00,0.5993621317285243,0.5993621317285243,2025-05-02 12:00:00,0.5970016317285242,TP,1,0.0207,5.84,10
NZDCAD,LONG,2025-04-30 12:00:00,0.818595,0.818595,2025-05-02 12:00:00,0.820925,TP,1,0.0254,4.2,12
GBPCAD,LONG,2025-05-01 16:00:00,1.835903762830916,1.835903762830916,2025-05-02 08:00:00,1.840110262830916,TP,1,0.0113,3.4,4
GBPCHF,SHORT,2025-05-01 16:00:00,1.1063550260105337,1.1063550260105337,2025-05-01 20:00:00,1.1027485260105336,TP,1,0.0113,4.88,1
GBPCAD,LONG,2025-04-30 20:00:00,1.8379867241863346,1.8379867241863346,2025-05-01 12:00:00,1.8425882241863345,TP,1,0.0113,3.71,4
EURAUD,LONG,2025-05-01 00:00:00,1.7653800000000002,1.7653800000000002,2025-05-01 08:00:00,1.7726745000000002,TP,1,0.0132,6.13,2
GBPNZD,SHORT,2025-04-28 20:00:00,2.2488237025969595,2.2542379745625687,2025-04-30 20:00:00,2.2466049745625685,TP,2,0.0246,11.06,12
NZDCHF,LONG,2025-04-30 16:00:00,0.4856145631991875,0.4856145631991875,2025-04-30 20:00:00,0.48770606319918747,TP,1,0.0253,6.33,1
GBPCHF,SHORT,2025-04-23 00:00:00,1.094625,1.0982024582546202,2025-04-30 16:00:00,1.0983840065398924,TP,2,0.0249,-0.62,34
GBPCAD,SHORT,2025-04-28 08:00:00,1.8511469035920465,1.8549534882088892,2025-04-30 08:00:00,1.8507739882088892,TP,2,0.0246,7.37,12
NZDCAD,LONG,2025-04-30 00:00:00,0.8195325410067059,0.8195325410067059,2025-04-30 08:00:00,0.821819541006706,TP,1,0.0253,4.1,2
USDNOK,LONG,2025-04-29 16:00:00,10.326036888035134,10.326036888035134,2025-04-30 04:00:00,10.378845388035133,TP,1,0.015,7.58,3
AUDCHF,SHORT,2025-04-23 00:00:00,0.5259199999999999,0.5280961266116606,2025-04-29 16:00:00,0.5261008169748623,TP,2,0.0517,12.38,28
AUDUSD,SHORT,2025-04-28 16:00:00,0.6425270914463587,0.6425270914463587,2025-04-29 12:00:00,0.6399870914463587,TP,1,0.0234,5.87,5
USDNOK,LONG,2025-04-28 20:00:00,10.3280325,10.3280325,2025-04-29 12:00:00,10.382454000000001,TP,1,0.015,7.85,4
AUDCAD,SHORT,2025-04-29 04:00:00,0.8899881955238581,0.8899881955238581,2025-04-29 12:00:00,0.887309195523858,TP,1,0.0234,4.46,2
CADCHF,SHORT,2025-04-23 00:00:00,0.5958883706784338,0.5982225783233304,2025-04-28 16:00:00,0.5959890783233304,TP,2,0.0457,12.3,22
NZDCHF,SHORT,2025-04-22 16:00:00,0.48965499999999995,0.49161256691450655,2025-04-28 16:00:00,0.4901590626545203,TP,2,0.0553,9.62,24
EURCHF,SHORT,2025-04-23 12:00:00,0.93819,0.9404119232947906,2025-04-28 16:00:00,0.9380624232947906,TP,2,0.029,8.2,19
NZDCAD,SHORT,2025-04-18 16:00:00,0.8220757492871448,0.8244074740986063,2025-04-28 08:00:00,0.8245532227060676,TP,2,0.0553,-0.75,34
NZDUSD,SHORT,2025-04-24 08:00:00,0.598009398910431,0.598009398910431,2025-04-25 12:00:00,0.5954273989104311,TP,1,0.0251,6.41,7
AUDCAD,SHORT,2025-04-24 16:00:00,0.8889800000000001,0.8889800000000001,2025-04-25 12:00:00,0.8858010000000001,TP,1,0.0234,5.29,5
AUDUSD,SHORT,2025-04-25 04:00:00,0.6419446378859482,0.6419446378859482,2025-04-25 08:00:00,0.6389946378859482,TP,1,0.0234,6.84,1
GBPNZD,LONG,2025-04-25 04:00:00,2.220215643121126,2.220215643121126,2025-04-25 08:00:00,2.2272766431211264,TP,1,0.0113,4.72,1
EURAUD,LONG,2025-04-25 04:00:00,1.7694500000000002,1.7694500000000002,2025-04-25 08:00:00,1.77713,TP,1,0.0132,6.45,1
GBPCAD,SHORT,2025-04-24 16:00:00,1.849535,1.849535,2025-04-25 00:00:00,1.8446814999999999,TP,1,0.0113,3.91,2
GBPNZD,LONG,2025-04-21 08:00:00,2.229669284869781,2.2233894809414836,2025-04-24 00:00:00,2.2307804809414837,TP,2,0.0247,10.79,16
EURAUD,LONG,2025-04-23 16:00:00,1.7743883652339774,1.7743883652339774,2025-04-23 20:00:00,1.7822078652339772,TP,1,0.0132,6.54,1
AUDCAD,SHORT,2025-04-23 08:00:00,0.8871227942770356,0.8871227942770356,2025-04-23 16:00:00,0.8843852942770355,TP,1,0.0234,4.54,2
NZDUSD,SHORT,2025-04-23 04:00:00,0.598035,0.598035,2025-04-23 16:00:00,0.5955590000000001,TP,1,0.0251,6.13,3
USDNOK,LONG,2025-04-17 12:00:00,10.5169425,10.427146419786098,2025-04-23 16:00:00,10.482086419786096,TP,3,0.051,26.52,25
AUDUSD,SHORT,2025-04-23 00:00:00,0.639545,0.639545,2025-04-23 16:00:00,0.6370135,TP,1,0.0235,5.87,4
EURAUD,LONG,2025-04-23 08:00:00,1.7756224389727508,1.7756224389727508,2025-04-23 12:00:00,1.7827424389727506,TP,1,0.0131,5.97,1
EURCHF,SHORT,2025-04-23 00:00:00,0.93765,0.93765,2025-04-23 08:00:00,0.9351780000000001,TP,1,0.0132,3.92,2
GBPCAD,SHORT,2025-04-21 00:00:00,1.844145,1.8480061997894834,2025-04-22 16:00:00,1.8438006997894834,TP,2,0.0247,7.45,10
CADCHF,LONG,2025-04-21 04:00:00,0.5857049999999999,0.5857049999999999,2025-04-22 16:00:00,0.588332,TP,1,0.0207,6.59,9
AUDCAD,SHORT,2025-04-21 04:00:00,0.88529,0.88529,2025-04-22 16:00:00,0.8828564999999999,TP,1,0.0234,4.05,9
AUDUSD,SHORT,2025-04-21 08:00:00,0.642945,0.642945,2025-04-21 20:00:00,0.6407094999999999,TP,1,0.0233,5.15,3
AUDUSD,SHORT,2025-04-11 20:00:00,0.6295020104357459,0.633779111494761,2025-04-21 04:00:00,0.642536111494761,SL,2,0.0522,-45.86,32
GBPNZD,LONG,2025-04-21 00:00:00,2.2308883331721368,2.2308883331721368,2025-04-21 04:00:00,2.238816333172137,TP,1,0.0112,5.31,1
AUDCAD,SHORT,2025-04-17 12:00:00,0.88512,0.88512,2025-04-18 20:00:00,0.8821589999999999,TP,1,0.0235,4.96,8
NZDCHF,SHORT,2025-04-17 16:00:00,0.49011499999999997,0.49011499999999997,2025-04-18 04:00:00,0.4872375,TP,1,0.0251,8.76,3
EURCHF,LONG,2025-04-10 12:00:00,0.9306289104555721,0.9265180373776558,2025-04-17 08:00:00,0.9306230373776557,TP,2,0.0294,14.7,29
CADCHF,LONG,2025-04-14 20:00:00,0.5864931554099985,0.5864931554099985,2025-04-17 08:00:00,0.5901371554099986,TP,1,0.0208,9.22,15
AUDCAD,SHORT,2025-04-15 12:00:00,0.8855000000000001,0.8855000000000001,2025-04-17 04:00:00,0.8817335000000001,TP,1,0.0235,6.31,10
GBPCAD,SHORT,2025-04-15 12:00:00,1.8402544633324625,1.8402544633324625,2025-04-16 20:00:00,1.8338409633324626,TP,1,0.0113,5.22,8
NZDUSD,SHORT,2025-04-11 04:00:00,0.5769964395891,0.5769964395891,2025-04-16 08:00:00,0.5926334395891001,SL,1,0.026,-40.75,19
GBPCHF,LONG,2025-04-10 08:00:00,1.089005,1.0816326006687942,2025-04-15 20:00:00,1.0890031006687941,TP,2,0.0256,22.8,21
CADCHF,LONG,2025-04-10 12:00:00,0.5940431565126515,0.5892462961134942,2025-04-14 16:00:00,0.5949092961134942,TP,2,0.0462,31.95,13
AUDCHF,LONG,2025-04-10 16:00:00,0.5114174688189483,0.5114174688189483,2025-04-14 12:00:00,0.5186419688189483,TP,1,0.0242,21.14,11
GBPCAD,LONG,2025-04-07 12:00:00,1.8288550000000001,1.8207967935639044,2025-04-14 12:00:00,1.8254663058604024,TP,2,0.0258,8.61,30
NZDCHF,LONG,2025-04-10 16:00:00,0.4722671601584171,0.4722671601584171,2025-04-14 04:00:00,0.47834466015841703,TP,1,0.0262,19.4,9
EURAUD,SHORT,2025-04-11 08:00:00,1.83758,1.83758,2025-04-11 12:00:00,1.8143340000000001,TP,1,0.0131,19.06,1
NZDCAD,LONG,2025-04-04 04:00:00,0.806075,0.7989525958767487,2025-04-10 08:00:00,0.8024015468225515,TP,3,0.0905,21.89,25
AUDCHF,LONG,2025-04-09 20:00:00,0.5123715778354276,0.5123715778354276,2025-04-10 00:00:00,0.5211100778354276,TP,1,0.0244,24.92,1
AUDUSD,LONG,2025-04-07 12:00:00,0.608035,0.6027916248301353,2025-04-09 20:00:00,0.6106746248301352,TP,2,0.0549,43.13,14
NZDCHF,LONG,2025-04-08 12:00:00,0.47869500000000004,0.4738974588465828,2025-04-09 20:00:00,0.4804589588465828,TP,2,0.0593,45.15,8
USDNOK,SHORT,2025-04-04 16:00:00,10.766477499999999,10.766477499999999,2025-04-09 20:00:00,10.701331155783059,TP,1,0.015,9.06,19
EURCHF,LONG,2025-04-07 20:00:00,0.9371618171506834,0.932358302961148,2025-04-09 20:00:00,0.9381738029611479,TP,2,0.0302,20.37,12
CADCHF,LONG,2025-04-08 20:00:00,0.5939749999999999,0.5939749999999999,2025-04-09 20:00:00,0.5993485,TP,1,0.0214,13.34,6
NZDUSD,LONG,2025-04-04 12:00:00,0.5642750000000001,0.5612549609403491,2025-04-09 20:00:00,0.564237439977578,TP,2,0.0589,17.39,20
GBPNZD,SHORT,2025-04-09 00:00:00,2.3192520000129893,2.3192520000129893,2025-04-09 12:00:00,2.295428000012989,TP,1,0.0117,15.53,3
GBPCHF,LONG,2025-04-04 12:00:00,1.1088149999999999,1.1088149999999999,2025-04-09 04:00:00,1.077812,SL,1,0.0115,-42.6,16
GBPNZD,SHORT,2025-04-07 16:00:00,2.31012,2.31012,2025-04-08 04:00:00,2.2909655,TP,1,0.0118,12.62,3
CADCHF,LONG,2025-04-03 12:00:00,0.610275,0.6051282436719884,2025-04-07 16:00:00,0.6094527436719884,TP,3,0.0721,36.09,13
NZDCHF,LONG,2025-04-04 08:00:00,0.48686500000000005,0.48058676412093654,2025-04-07 16:00:00,0.48537026412093653,TP,3,0.0907,50.25,8
EURCHF,LONG,2025-04-03 20:00:00,0.9482816523986628,0.941249117736328,2025-04-07 16:00:00,0.946650117736328,TP,3,0.0464,29.02,11
GBPNZD,SHORT,2025-04-07 08:00:00,2.31318,2.31318,2025-04-07 12:00:00,2.297192,TP,1,0.0117,10.42,1
AUDUSD,LONG,2025-04-07 00:00:00,0.600055,0.600055,2025-04-07 08:00:00,0.6058180000000001,TP,1,0.025,14.33,2
GBPCAD,LONG,2025-04-07 04:00:00,1.831347455425757,1.831347455425757,2025-04-07 08:00:00,1.840367455425757,TP,1,0.0116,7.32,1
GBPNZD,SHORT,2025-04-07 00:00:00,2.32425,2.32425,2025-04-07 04:00:00,2.3096375,TP,1,0.0116,9.42,1
GBPCAD,LONG,2025-04-04 16:00:00,1.832475,1.832475,2025-04-07 00:00:00,1.84121,TP,1,0.0116,7.11,2
AUDUSD,LONG,2025-04-04 16:00:00,0.600795,0.600795,2025-04-04 20:00:00,0.6057525,TP,1,0.025,12.3,1
GBPNZD,SHORT,2025-04-04 16:00:00,2.31517,2.31517,2025-04-04 20:00:00,2.3025635,TP,1,0.0116,8.17,1
AUDCAD,LONG,2025-04-04 16:00:00,0.8537199999999999,0.8537199999999999,2025-04-04 20:00:00,0.8591755,TP,1,0.025,9.5,1
AUDUSD,LONG,2025-04-04 04:00:00,0.623311491452129,0.623311491452129,2025-04-04 12:00:00,0.608004491452129,SL,1,0.0241,-36.91,2
GBPCAD,LONG,2025-04-04 08:00:00,1.8347550000000001,1.8347550000000001,2025-04-04 12:00:00,1.8417305000000002,TP,1,0.0116,5.64,1
GBPNZD,SHORT,2025-04-04 04:00:00,2.29103,2.29103,2025-04-04 12:00:00,2.280651,TP,1,0.0115,6.67,2
AUDCHF,LONG,2025-04-04 08:00:00,0.53098,0.53098,2025-04-04 12:00:00,0.51754,SL,1,0.0242,-38.16,1
AUDCAD,LONG,2025-04-04 08:00:00,0.8770399999999999,0.8770399999999999,2025-04-04 12:00:00,0.861356,SL,1,0.0242,-26.75,1
GBPCHF,LONG,2025-04-03 12:00:00,1.130705,1.127964301986349,2025-04-04 08:00:00,1.111995301986349,SL,2,0.0251,-46.99,5
USDNOK,LONG,2025-04-03 04:00:00,10.3984825,10.310106133689839,2025-04-04 08:00:00,10.362281133689839,TP,3,0.051,25.16,7
NZDUSD,SHORT,2025-04-04 00:00:00,0.5793462953995943,0.5793462953995943,2025-04-04 04:00:00,0.5764877953995943,TP,1,0.0259,7.33,1
NZDCHF,LONG,2025-04-03 12:00:00,0.5004173982657263,0.4986082956735773,2025-04-04 04:00:00,0.4892192956735773,SL,2,0.0568,-62.68,4
AUDCHF,LONG,2025-04-03 00:00:00,0.5504580290789647,0.5483756933029306,2025-04-04 04:00:00,0.5374016933029305,SL,2,0.0522,-67.33,7
EURAUD,SHORT,2025-04-03 00:00:00,1.7373299999999998,1.7427750023775685,2025-04-04 04:00:00,1.7731370023775688,SL,2,0.03,-56.9,7
AUDCAD,LONG,2025-04-03 16:00:00,0.8927299999999999,0.8927299999999999,2025-04-04 04:00:00,0.879444,SL,1,0.0236,-22.33,3
NZDUSD,SHORT,2025-04-03 08:00:00,0.5796049999999999,0.5819340882316076,2025-04-03 20:00:00,0.5790505882316077,TP,2,0.0569,16.22,3
AUDUSD,SHORT,2025-04-03 12:00:00,0.636155,0.636155,2025-04-03 20:00:00,0.6329535000000001,TP,1,0.0236,7.48,2
GBPCAD,SHORT,2025-04-03 12:00:00,1.8648938308384648,1.8648938308384648,2025-04-03 16:00:00,1.8586698308384648,TP,1,0.0114,5.01,1
GBPNZD,SHORT,2025-04-03 00:00:00,2.275822048682267,2.275822048682267,2025-04-03 12:00:00,2.267301548682267,TP,1,0.0115,5.68,3
AUDCAD,LONG,2025-04-02 20:00:00,0.8960890043504224,0.8938403528753155,2025-04-03 12:00:00,0.8968048528753155,TP,2,0.0525,10.9,4
NZDCAD,LONG,2025-04-03 00:00:00,0.814337865857923,0.814337865857923,2025-04-03 04:00:00,0.817035365857923,TP,1,0.0262,4.87,1
NZDUSD,SHORT,2025-04-02 20:00:00,0.5759463642149317,0.5759463642149317,2025-04-03 00:00:00,0.5737488642149318,TP,1,0.0261,5.66,1
AUDUSD,SHORT,2025-04-02 20:00:00,0.6332556917423966,0.6332556917423966,2025-04-03 00:00:00,0.6307396917423965,TP,1,0.0238,5.92,1
GBPCHF,SHORT,2025-04-02 20:00:00,1.147055,1.147055,2025-04-03 00:00:00,1.1442775,TP,1,0.0115,3.61,1
GBPCAD,SHORT,2025-04-02 20:00:00,1.8626346264070888,1.8626346264070888,2025-04-03 00:00:00,1.8572246264070889,TP,1,0.0115,4.34,1
USDNOK,LONG,2025-04-01 16:00:00,10.446436970324198,10.414085652142381,2025-04-03 00:00:00,10.45539165214238,TP,2,0.033,13.01,8
NZDCHF,SHORT,2025-04-02 20:00:00,0.5083481198106733,0.5083481198106733,2025-04-03 00:00:00,0.5064461198106733,TP,1,0.0261,5.58,1
EURCHF,SHORT,2025-04-02 16:00:00,0.95877,0.95877,2025-04-02 20:00:00,0.956748,TP,1,0.0138,3.13,1
NZDCAD,LONG,2025-04-01 20:00:00,0.8152185737170652,0.8152185737170652,2025-04-02 04:00:00,0.8173540737170653,TP,1,0.0263,3.85,2
NZDCHF,LONG,2025-03-28 20:00:00,0.503515,0.5023581069437502,2025-04-02 00:00:00,0.5038401069437501,TP,2,0.0578,9.52,13
GBPNZD,SHORT,2025-03-28 04:00:00,2.26481,2.2701018329033533,2025-04-02 00:00:00,2.263768332903353,TP,2,0.0255,9.14,17
EURAUD,SHORT,2025-03-31 00:00:00,1.72443,1.7283632663244584,2025-04-01 16:00:00,1.7233277663244584,TP,2,0.0305,9.54,10
CADCHF,LONG,2025-04-01 12:00:00,0.612727490657382,0.612727490657382,2025-04-01 16:00:00,0.614253490657382,TP,1,0.0216,3.67,1
AUDUSD,LONG,2025-04-01 08:00:00,0.624997697701046,0.624997697701046,2025-04-01 16:00:00,0.627003697701046,TP,1,0.024,4.74,2
AUDCHF,LONG,2025-04-01 08:00:00,0.5515001331968424,0.5515001331968424,2025-04-01 16:00:00,0.5532356331968424,TP,1,0.024,4.64,2
NZDUSD,LONG,2025-04-01 08:00:00,0.5679350000000001,0.5679350000000001,2025-04-01 16:00:00,0.5697235,TP,1,0.0264,4.64,2
AUDUSD,LONG,2025-03-31 08:00:00,0.625775,0.6241632486898009,2025-04-01 04:00:00,0.6261082486898009,TP,2,0.0528,10.11,5
AUDCAD,LONG,2025-03-31 08:00:00,0.8974453037125469,0.8974453037125469,2025-04-01 04:00:00,0.899706303712547,TP,1,0.024,3.7,5
AUDCHF,LONG,2025-04-01 00:00:00,0.5514100000000001,0.5514100000000001,2025-04-01 04:00:00,0.5530545,TP,1,0.024,4.4,1
NZDCAD,LONG,2025-03-31 12:00:00,0.815255,0.815255,2025-04-01 04:00:00,0.817376,TP,1,0.0265,3.82,4
NZDUSD,LONG,2025-03-31 12:00:00,0.567025,0.567025,2025-04-01 04:00:00,0.5687874999999999,TP,1,0.0265,4.58,4
AUDCHF,LONG,2025-03-31 00:00:00,0.55257,0.5511950607502271,2025-03-31 20:00:00,0.552872060750227,TP,2,0.0527,9.84,5
CADCHF,LONG,2025-03-31 08:00:00,0.6133407993773367,0.6133407993773367,2025-03-31 16:00:00,0.6148047993773367,TP,1,0.0215,3.5,2
NZDUSD,LONG,2025-03-31 00:00:00,0.5704321618457312,0.5704321618457312,2025-03-31 08:00:00,0.5721511618457311,TP,1,0.0263,4.44,2
NZDCAD,LONG,2025-03-31 00:00:00,0.816325,0.816325,2025-03-31 08:00:00,0.818423,TP,1,0.0263,3.77,2
USDNOK,LONG,2025-03-27 20:00:00,10.474576469264637,10.474576469264637,2025-03-31 08:00:00,10.514428469264637,TP,1,0.015,5.64,9
NZDCHF,LONG,2025-03-28 08:00:00,0.5038835534968024,0.5038835534968024,2025-03-28 16:00:00,0.5052435534968024,TP,1,0.0262,3.97,2
EURCHF,LONG,2025-03-28 08:00:00,0.9509500000000001,0.9509500000000001,2025-03-28 16:00:00,0.9525625,TP,1,0.0139,2.5,2
NZDCAD,LONG,2025-03-28 04:00:00,0.817805,0.817805,2025-03-28 08:00:00,0.8198605,TP,1,0.0263,3.69,1
EURAUD,LONG,2025-03-26 08:00:00,1.7082000000000002,1.7082000000000002,2025-03-27 16:00:00,1.7124075,TP,1,0.0139,3.64,8
GBPCAD,LONG,2025-03-26 04:00:00,1.846365,1.8432021363881308,2025-03-27 12:00:00,1.8475341363881308,TP,2,0.0255,7.66,8
NZDCAD,LONG,2025-03-24 04:00:00,0.820885,0.8190622767691464,2025-03-27 12:00:00,0.8213297767691464,TP,2,0.0577,8.97,20
CADCHF,SHORT,2025-03-26 04:00:00,0.619055,0.619055,2025-03-27 12:00:00,0.617645,TP,1,0.0214,3.36,8
EURCHF,LONG,2025-03-26 16:00:00,0.9522642829913405,0.9508499214099012,2025-03-27 12:00:00,0.9524824214099011,TP,2,0.0306,5.57,5
AUDCAD,LONG,2025-03-25 20:00:00,0.89977,0.89977,2025-03-27 12:00:00,0.902056,TP,1,0.0238,3.73,10
USDNOK,LONG,2025-03-20 16:00:00,10.565521705737558,10.528744023919376,2025-03-27 00:00:00,10.56657210167123,TP,2,0.033,11.72,26
GBPNZD,LONG,2025-03-26 08:00:00,2.2409119209303476,2.2409119209303476,2025-03-26 16:00:00,2.2467419209303476,TP,1,0.0116,3.85,2
EURAUD,LONG,2025-03-26 00:00:00,1.7113398314647956,1.7113398314647956,2025-03-26 04:00:00,1.7148433314647955,TP,1,0.0139,3.03,1
AUDCAD,LONG,2025-03-20 16:00:00,0.9019199999999999,0.899827477954868,2025-03-25 12:00:00,0.9019989779548679,TP,2,0.0525,7.83,17
GBPCAD,LONG,2025-03-24 16:00:00,1.8473950000000001,1.8473950000000001,2025-03-25 12:00:00,1.8514000000000002,TP,1,0.0116,3.23,5
AUDUSD,LONG,2025-03-20 12:00:00,0.6284686410692946,0.6284686410692946,2025-03-25 12:00:00,0.6305291410692946,TP,1,0.0239,4.85,18
CADCHF,SHORT,2025-03-24 16:00:00,0.6184195080280187,0.6184195080280187,2025-03-24 20:00:00,0.6164880080280187,TP,1,0.0215,4.63,1
AUDCHF,LONG,2025-03-21 16:00:00,0.5531476116473983,0.5531476116473983,2025-03-24 00:00:00,0.5551006116473983,TP,1,0.0239,5.22,2
EURAUD,SHORT,2025-03-21 16:00:00,1.7271515812263973,1.7271515812263973,2025-03-24 00:00:00,1.7227675812263974,TP,1,0.0139,3.78,2
GBPNZD,SHORT,2025-03-20 12:00:00,2.2581321433300445,2.2581321433300445,2025-03-20 20:00:00,2.2520286433300445,TP,1,0.0116,4.04,2
GBPCAD,SHORT,2025-03-20 12:00:00,1.8644080400107326,1.8644080400107326,2025-03-20 16:00:00,1.8605550400107327,TP,1,0.0116,3.08,1
EURAUD,SHORT,2025-03-20 12:00:00,1.7257771551013912,1.7257771551013912,2025-03-20 16:00:00,1.7210551551013913,TP,1,0.0138,4.07,1
AUDCHF,LONG,2025-03-20 08:00:00,0.5542442411251062,0.5542442411251062,2025-03-20 12:00:00,0.5561342411251061,TP,1,0.0238,5.02,1
EURCHF,LONG,2025-03-20 08:00:00,0.9537179660811649,0.9537179660811649,2025-03-20 12:00:00,0.9559324660811648,TP,1,0.0138,3.42,1
USDNOK,LONG,2025-03-20 08:00:00,10.578912500000001,10.578912500000001,2025-03-20 12:00:00,10.620508500000001,TP,1,0.015,5.84,1
CADCHF,LONG,2025-03-20 04:00:00,0.6113420668640057,0.6113420668640057,2025-03-20 08:00:00,0.6128785668640058,TP,1,0.0215,3.69,1
GBPCAD,SHORT,2025-03-20 04:00:00,1.8639680595868033,1.8639680595868033,2025-03-20 08:00:00,1.8603520595868035,TP,1,0.0115,2.87,1
NZDUSD,SHORT,2025-03-14 16:00:00,0.5747130477298238,0.5784352598422977,2025-03-20 08:00:00,0.5764802598422978,TP,3,0.0881,16.96,22
NZDCAD,SHORT,2025-03-14 12:00:00,0.826765,0.8287025420903875,2025-03-20 08:00:00,0.8265833853798377,TP,2,0.0572,8.28,23
GBPNZD,LONG,2025-03-17 00:00:00,2.2446086200712343,2.239556615945862,2025-03-20 04:00:00,2.2449311159458625,TP,2,0.0255,7.85,19
AUDCHF,LONG,2025-03-19 08:00:00,0.55494,0.55494,2025-03-19 12:00:00,0.5566705,TP,1,0.0237,4.59,1
NZDCHF,SHORT,2025-03-14 16:00:00,0.5088272323668082,0.5103063480348276,2025-03-19 08:00:00,0.5087118480348276,TP,2,0.0571,10.2,16
AUDUSD,SHORT,2025-03-17 12:00:00,0.634665,0.6363991412303353,2025-03-19 08:00:00,0.6346336412303353,TP,2,0.0518,9.0,11
AUDCHF,SHORT,2025-03-17 16:00:00,0.5615899999999999,0.5615899999999999,2025-03-18 16:00:00,0.5598055,TP,1,0.0235,4.71,6
EURCHF,SHORT,2025-03-17 12:00:00,0.9619626807165931,0.9619626807165931,2025-03-18 12:00:00,0.9595131807165931,TP,1,0.0138,3.79,6
AUDCAD,SHORT,2025-03-17 12:00:00,0.9113975242980399,0.9113975242980399,2025-03-18 12:00:00,0.9093835242980398,TP,1,0.0236,3.26,6
EURCHF,SHORT,2025-03-14 12:00:00,0.96441,0.96441,2025-03-17 08:00:00,0.961744,TP,1,0.0138,4.11,5
AUDCAD,SHORT,2025-03-14 12:00:00,0.9112867849189096,0.9112867849189096,2025-03-14 16:00:00,0.9086732849189095,TP,1,0.0237,4.24,1
EURAUD,SHORT,2025-03-14 12:00:00,1.7249226391878212,1.7249226391878212,2025-03-14 16:00:00,1.7194176391878213,TP,1,0.0138,4.75,1
CADCHF,LONG,2025-03-07 04:00:00,0.6158349999999999,0.6133612067108516,2025-03-14 16:00:00,0.614730038619328,TP,2,0.0474,7.19,33
GBPCHF,SHORT,2025-03-14 12:00:00,1.146416758106593,1.146416758106593,2025-03-14 16:00:00,1.143105258106593,TP,1,0.0116,4.3,1
GBPNZD,SHORT,2025-03-13 08:00:00,2.2692200000000002,2.2692200000000002,2025-03-14 08:00:00,2.2632965,TP,1,0.0116,3.9,6
EURCHF,SHORT,2025-03-13 16:00:00,0.96166,0.96166,2025-03-13 20:00:00,0.9584655,TP,1,0.0138,4.96,1
GBPCHF,SHORT,2025-03-13 16:00:00,1.1461465006556604,1.1461465006556604,2025-03-13 20:00:00,1.1425720006556603,TP,1,0.0116,4.66,1
GBPCHF,SHORT,2025-03-12 16:00:00,1.1454465330599928,1.1454465330599928,2025-03-13 08:00:00,1.1420365330599929,TP,1,0.0116,4.44,4
EURCHF,SHORT,2025-03-11 08:00:00,0.96117,0.96117,2025-03-13 08:00:00,0.9581805,TP,1,0.0137,4.62,12
GBPNZD,SHORT,2025-03-10 20:00:00,2.259876961491066,2.2651478327420005,2025-03-13 00:00:00,2.2589063327420003,TP,2,0.0256,9.08,13
NZDCAD,SHORT,2025-03-12 08:00:00,0.825265,0.825265,2025-03-12 12:00:00,0.8224635,TP,1,0.0262,5.03,1
AUDCAD,SHORT,2025-03-11 16:00:00,0.9103266511328097,0.9103266511328097,2025-03-11 20:00:00,0.9074206511328097,TP,1,0.0239,4.73,1
AUDCHF,LONG,2025-03-07 04:00:00,0.5554,0.5531711841130506,2025-03-11 20:00:00,0.5558141841130505,TP,2,0.0525,15.56,16
NZDCHF,LONG,2025-03-07 08:00:00,0.5030348299363254,0.5011871710813712,2025-03-11 20:00:00,0.5033876710813712,TP,2,0.0578,14.24,15
NZDCAD,SHORT,2025-03-11 16:00:00,0.8265750000000001,0.8265750000000001,2025-03-11 20:00:00,0.823644,TP,1,0.0263,5.26,1
EURCHF,SHORT,2025-03-10 16:00:00,0.9555715192119784,0.9555715192119784,2025-03-11 04:00:00,0.9522495192119784,TP,1,0.0138,5.19,3
NZDCAD,SHORT,2025-03-07 16:00:00,0.8220584020158168,0.8242304426118747,2025-03-11 00:00:00,0.8214194426118747,TP,2,0.0577,11.07,8
NZDUSD,SHORT,2025-03-10 12:00:00,0.5737249999999999,0.5737249999999999,2025-03-10 20:00:00,0.5715905,TP,1,0.0261,5.5,2
AUDCAD,SHORT,2025-03-10 12:00:00,0.9118700000000001,0.9118700000000001,2025-03-10 20:00:00,0.908991,TP,1,0.0237,4.66,2
GBPNZD,SHORT,2025-03-07 04:00:00,2.25502,2.260459825557721,2025-03-10 08:00:00,2.2538628255577207,TP,2,0.0256,9.59,7
USDNOK,LONG,2025-03-05 08:00:00,11.0303325,10.989596045454546,2025-03-10 08:00:00,10.762905545454545,SL,2,0.033,-69.49,18
EURCHF,SHORT,2025-03-06 20:00:00,0.9531891871355662,0.9531891871355662,2025-03-10 08:00:00,0.9495056871355663,TP,1,0.0139,5.79,9
AUDUSD,SHORT,2025-03-05 16:00:00,0.6324196043576723,0.6324196043576723,2025-03-07 12:00:00,0.6295411043576723,TP,1,0.0237,6.76,11
NZDUSD,SHORT,2025-03-05 16:00:00,0.571205,0.5731189006903087,2025-03-07 08:00:00,0.5708494006903088,TP,2,0.0576,12.9,10
NZDCAD,SHORT,2025-03-05 12:00:00,0.818765,0.8209382600993986,2025-03-07 04:00:00,0.8180817600993986,TP,2,0.0577,11.35,10
AUDCAD,SHORT,2025-03-05 16:00:00,0.9077500000000001,0.9077500000000001,2025-03-07 00:00:00,0.9046525,TP,1,0.0237,5.07,8
CADCHF,LONG,2025-03-06 08:00:00,0.6176849999999999,0.6176849999999999,2025-03-06 16:00:00,0.6205755,TP,1,0.0215,6.97,2
EURCHF,SHORT,2025-03-06 12:00:00,0.95787,0.95787,2025-03-06 16:00:00,0.954126,TP,1,0.0139,5.82,1
EURCHF,SHORT,2025-03-05 20:00:00,0.96105,0.96105,2025-03-06 08:00:00,0.957596,TP,1,0.0139,5.38,3
GBPCHF,SHORT,2025-03-05 16:00:00,1.147175,1.147175,2025-03-06 08:00:00,1.1433835,TP,1,0.0116,4.95,4
CADCHF,LONG,2025-03-04 00:00:00,0.618115,0.6164564441544439,2025-03-05 16:00:00,0.6189809441544439,TP,2,0.0477,13.39,10
EURCHF,SHORT,2025-03-04 20:00:00,0.94507,0.9474151351727682,2025-03-05 16:00:00,0.9603711351727683,SL,2,0.0309,-45.07,5
USDNOK,LONG,2025-03-04 20:00:00,11.0912325,11.0912325,2025-03-05 04:00:00,11.1364,TP,1,0.015,6.06,2
AUDUSD,LONG,2025-02-26 20:00:00,0.6299906402462004,0.6258553850868446,2025-03-05 00:00:00,0.6273106097797875,TP,3,0.0815,11.61,25
NZDCAD,SHORT,2025-03-04 20:00:00,0.8176999328687541,0.8176999328687541,2025-03-05 00:00:00,0.815256432868754,TP,1,0.0265,4.41,1
NZDUSD,LONG,2025-02-27 04:00:00,0.5678650000000001,0.564302011041509,2025-03-04 20:00:00,0.5659177237443795,TP,3,0.0905,14.35,22
AUDCAD,LONG,2025-03-04 08:00:00,0.8969883023229586,0.8969883023229586,2025-03-04 12:00:00,0.8991508023229586,TP,1,0.0241,3.54,1
CADCHF,LONG,2025-02-24 16:00:00,0.630585,0.6276368769863253,2025-03-03 20:00:00,0.6201198769863253,SL,3,0.0727,-61.2,31
GBPCHF,SHORT,2025-03-03 12:00:00,1.140895,1.140895,2025-03-03 20:00:00,1.1378395,TP,1,0.0118,4.0,2
NZDCAD,LONG,2025-02-28 04:00:00,0.808775,0.808775,2025-03-03 16:00:00,0.8107405000000001,TP,1,0.0268,3.57,9
AUDCAD,LONG,2025-03-03 04:00:00,0.8975546054104303,0.8975546054104303,2025-03-03 16:00:00,0.8996016054104303,TP,1,0.0241,3.35,3
GBPCAD,SHORT,2025-02-25 16:00:00,1.8097649999999998,1.8097649999999998,2025-03-03 12:00:00,1.825828,SL,1,0.0118,-13.24,23
USDNOK,SHORT,2025-02-27 12:00:00,11.217817499999999,11.247461454545453,2025-03-03 00:00:00,11.211893454545454,TP,2,0.033,10.37,9
AUDCAD,LONG,2025-02-28 00:00:00,0.8985799999999999,0.8968022920795337,2025-03-03 00:00:00,0.8989917920795337,TP,2,0.0531,7.89,6
EURAUD,SHORT,2025-02-25 12:00:00,1.655362659168507,1.6586421650223828,2025-02-28 12:00:00,1.6743241650223828,SL,2,0.0314,-30.71,18
EURCHF,LONG,2025-02-27 16:00:00,0.93591,0.93591,2025-02-28 08:00:00,0.9377329999999999,TP,1,0.0144,2.87,4
NZDCHF,LONG,2025-02-25 08:00:00,0.5121950000000001,0.511046500443804,2025-02-28 04:00:00,0.504467500443804,SL,2,0.0577,-42.41,17
AUDCHF,LONG,2025-02-24 16:00:00,0.569093876587488,0.5676831429091856,2025-02-28 00:00:00,0.5596791429091855,SL,2,0.052,-46.46,20
GBPNZD,SHORT,2025-02-25 12:00:00,2.21238,2.220908787188967,2025-02-28 00:00:00,2.2396867871889667,SL,3,0.0403,-42.61,15
EURCHF,LONG,2025-02-24 16:00:00,0.9389160202476302,0.9389160202476302,2025-02-27 08:00:00,0.9405790202476302,TP,1,0.0143,2.61,16
NZDCAD,SHORT,2025-02-20 12:00:00,0.8143261290364135,0.8158404744911316,2025-02-27 04:00:00,0.8149521041417154,TP,2,0.0574,3.38,28
AUDUSD,LONG,2025-02-26 12:00:00,0.6304747702125645,0.6304747702125645,2025-02-26 16:00:00,0.6324352702125645,TP,1,0.0238,4.59,1
GBPCHF,LONG,2025-02-25 16:00:00,1.1298177044079025,1.1298177044079025,2025-02-26 08:00:00,1.1324277044079025,TP,1,0.0118,3.42,4
AUDCAD,SHORT,2025-02-25 20:00:00,0.9081,0.9081,2025-02-26 00:00:00,0.9061404999999999,TP,1,0.0236,3.17,1
GBPCAD,SHORT,2025-02-19 20:00:00,1.791945,1.7942085043422864,2025-02-25 12:00:00,1.8068135043422866,SL,2,0.0261,-23.19,22
NZDUSD,SHORT,2025-02-20 08:00:00,0.572865,0.5742770301489801,2025-02-25 00:00:00,0.5725130301489801,TP,2,0.0574,9.96,16
AUDUSD,SHORT,2025-02-13 20:00:00,0.631785,0.6358548986190105,2025-02-24 16:00:00,0.6346791019584819,TP,3,0.0802,9.19,41
AUDCAD,SHORT,2025-02-24 04:00:00,0.9061882342218442,0.9061882342218442,2025-02-24 08:00:00,0.9042677342218441,TP,1,0.0235,3.11,1
CADCHF,LONG,2025-02-21 16:00:00,0.631315,0.631315,2025-02-24 08:00:00,0.632681,TP,1,0.0213,3.18,4
EURCHF,LONG,2025-02-21 16:00:00,0.93916,0.93916,2025-02-24 00:00:00,0.9407669999999999,TP,1,0.0143,2.53,2
EURAUD,LONG,2025-02-18 04:00:00,1.64473,1.6416629372977591,2025-02-21 20:00:00,1.645186437297759,TP,2,0.0316,6.98,22
AUDCAD,SHORT,2025-02-20 04:00:00,0.90497,0.9065090402670785,2025-02-21 20:00:00,0.9046480402670785,TP,2,0.0517,6.61,10
USDNOK,LONG,2025-02-13 20:00:00,11.144892500000001,11.1217625,2025-02-21 20:00:00,11.14843629965632,TP,2,0.033,7.8,36
NZDCHF,SHORT,2025-02-20 16:00:00,0.5179060387456103,0.5179060387456103,2025-02-21 16:00:00,0.5164780387456103,TP,1,0.026,4.06,6
EURCHF,LONG,2025-02-21 08:00:00,0.9401852728950043,0.9401852728950043,2025-02-21 12:00:00,0.9417062728950043,TP,1,0.0143,2.38,1
CADCHF,LONG,2025-02-21 08:00:00,0.6325276607047251,0.6325276607047251,2025-02-21 12:00:00,0.6337636607047251,TP,1,0.0213,2.86,1
AUDCHF,SHORT,2025-02-20 08:00:00,0.5754676183448092,0.5754676183448092,2025-02-21 08:00:00,0.5738936183448092,TP,1,0.0235,4.05,6
AUDCAD,SHORT,2025-02-19 16:00:00,0.9037008454680228,0.9037008454680228,2025-02-20 00:00:00,0.9019133454680227,TP,1,0.0237,2.9,2
NZDUSD,SHORT,2025-02-19 04:00:00,0.572395,0.572395,2025-02-19 16:00:00,0.5706570000000001,TP,1,0.0262,4.48,3
AUDCHF,SHORT,2025-02-19 04:00:00,0.57482,0.57482,2025-02-19 16:00:00,0.5732995000000001,TP,1,0.0236,3.89,3
GBPCHF,SHORT,2025-02-18 16:00:00,1.138298121853148,1.1401642482043721,2025-02-19 12:00:00,1.137863248204372,TP,2,0.0262,6.59,5
NZDCHF,SHORT,2025-02-19 08:00:00,0.5176768001978059,0.5176768001978059,2025-02-19 12:00:00,0.516183800197806,TP,1,0.0262,4.25,1
GBPCAD,SHORT,2025-02-19 00:00:00,1.7913728637506814,1.7913728637506814,2025-02-19 12:00:00,1.7883018637506813,TP,1,0.0119,2.54,3
NZDCAD,LONG,2025-02-19 00:00:00,0.8064363103780847,0.8064363103780847,2025-02-19 04:00:00,0.8083638103780847,TP,1,0.0263,3.5,1
GBPNZD,SHORT,2025-02-18 16:00:00,2.2124505712422047,2.2163571655489473,2025-02-19 04:00:00,2.2112646655489474,TP,2,0.0262,7.55,3
GBPCAD,SHORT,2025-02-17 20:00:00,1.7915553344067396,1.7915553344067396,2025-02-18 12:00:00,1.7878253344067396,TP,1,0.0119,3.08,4
AUDCAD,SHORT,2025-02-18 04:00:00,0.9031878841857046,0.9031878841857046,2025-02-18 12:00:00,0.9011578841857045,TP,1,0.0236,3.3,2
GBPCHF,SHORT,2025-02-17 20:00:00,1.1381151079673426,1.1381151079673426,2025-02-18 08:00:00,1.1353771079673425,TP,1,0.0119,3.58,3
NZDUSD,SHORT,2025-02-14 08:00:00,0.5707749999999999,0.5727392579200609,2025-02-18 04:00:00,0.5706977579200609,TP,2,0.0576,11.59,11
NZDCAD,SHORT,2025-02-17 00:00:00,0.8138021816903672,0.8138021816903672,2025-02-18 00:00:00,0.8117941816903672,TP,1,0.0261,3.61,6
EURAUD,LONG,2025-02-17 08:00:00,1.6451200000000001,1.6451200000000001,2025-02-17 20:00:00,1.648894,TP,1,0.0143,3.39,3
CADCHF,SHORT,2025-02-14 08:00:00,0.6383592921079873,0.6383592921079873,2025-02-14 12:00:00,0.6365742921079872,TP,1,0.0213,4.16,1
GBPNZD,SHORT,2025-02-12 08:00:00,2.2062692217768314,2.210431109754045,2025-02-14 12:00:00,2.2048941097540453,TP,2,0.0265,8.3,13
NZDCAD,LONG,2025-02-13 04:00:00,0.8057911222721851,0.8057911222721851,2025-02-14 08:00:00,0.8079551222721851,TP,1,0.0265,3.97,7
AUDCAD,LONG,2025-02-13 12:00:00,0.8939674548507928,0.8939674548507928,2025-02-13 20:00:00,0.8962464548507928,TP,1,0.024,3.77,2
CADCHF,SHORT,2025-02-07 08:00:00,0.6332851798121889,0.6361757444207096,2025-02-13 12:00:00,0.6346228571447037,TP,3,0.0729,12.26,25
EURAUD,SHORT,2025-02-13 08:00:00,1.66296,1.66296,2025-02-13 12:00:00,1.6593305,TP,1,0.0144,3.23,1
EURCHF,SHORT,2025-02-11 16:00:00,0.94462,0.9461733944284157,2025-02-13 12:00:00,0.9440023944284158,TP,2,0.0318,7.5,11
GBPCHF,SHORT,2025-02-11 16:00:00,1.134345,1.1367042729863368,2025-02-13 12:00:00,1.1336222729863368,TP,2,0.0265,8.91,11
AUDCHF,SHORT,2025-02-12 16:00:00,0.5745699999999999,0.5745699999999999,2025-02-13 08:00:00,0.5728095,TP,1,0.0238,4.54,4
AUDCAD,LONG,2025-02-12 12:00:00,0.8945159278260884,0.8945159278260884,2025-02-12 16:00:00,0.8968579278260884,TP,1,0.024,3.87,1
NZDCAD,LONG,2025-02-12 12:00:00,0.8033549999999999,0.8033549999999999,2025-02-12 16:00:00,0.8056315,TP,1,0.0268,4.19,1
NZDUSD,LONG,2025-02-12 12:00:00,0.5607150000000001,0.5607150000000001,2025-02-12 16:00:00,0.5626035,TP,1,0.0268,4.97,1
AUDCHF,SHORT,2025-02-07 00:00:00,0.56953,0.5723856402431213,2025-02-12 12:00:00,0.5708211402431214,TP,3,0.0811,13.64,21
USDNOK,LONG,2025-02-11 20:00:00,11.185024910424671,11.185024910424671,2025-02-12 08:00:00,11.218443910424671,TP,1,0.015,4.41,3
EURAUD,LONG,2025-02-06 12:00:00,1.6538743329361671,1.6472785798509058,2025-02-12 08:00:00,1.6504765798509056,TP,3,0.0494,9.76,23
AUDUSD,SHORT,2025-02-11 20:00:00,0.6299903977249464,0.6299903977249464,2025-02-12 08:00:00,0.6279883977249464,TP,1,0.0238,4.7,3
NZDCHF,SHORT,2025-02-11 12:00:00,0.5159011572915589,0.5159011572915589,2025-02-12 08:00:00,0.5144976572915589,TP,1,0.0266,4.02,5
GBPCAD,LONG,2025-02-07 12:00:00,1.7781550000000002,1.7740450482546137,2025-02-11 20:00:00,1.7789680482546137,TP,2,0.0266,9.1,14
GBPNZD,LONG,2025-02-11 08:00:00,2.186237152232516,2.186237152232516,2025-02-11 12:00:00,2.191386652232516,TP,1,0.0121,3.49,1
NZDCAD,LONG,2025-02-10 20:00:00,0.807375,0.807375,2025-02-11 08:00:00,0.809533,TP,1,0.0266,3.92,3
NZDCHF,SHORT,2025-02-10 08:00:00,0.5158104018496038,0.5158104018496038,2025-02-10 12:00:00,0.5143959018496038,TP,1,0.0265,4.04,1
EURCHF,LONG,2025-02-10 00:00:00,0.9379007009900795,0.9379007009900795,2025-02-10 04:00:00,0.9395487009900795,TP,1,0.0146,2.59,1
NZDCAD,LONG,2025-02-07 16:00:00,0.807855,0.807855,2025-02-10 00:00:00,0.809955,TP,1,0.0265,3.8,2
AUDUSD,SHORT,2025-02-07 16:00:00,0.6289862476566449,0.6289862476566449,2025-02-07 20:00:00,0.626864247656645,TP,1,0.0239,5.01,1
USDNOK,LONG,2025-02-07 12:00:00,11.196450755841422,11.196450755841422,2025-02-07 16:00:00,11.235357255841421,TP,1,0.015,5.14,1
NZDUSD,SHORT,2025-02-07 12:00:00,0.5692057883421515,0.5692057883421515,2025-02-07 16:00:00,0.5672472883421515,TP,1,0.0265,5.1,1
NZDCHF,SHORT,2025-02-07 12:00:00,0.5153065928743525,0.5153065928743525,2025-02-07 16:00:00,0.5139610928743525,TP,1,0.0265,3.83,1
GBPNZD,LONG,2025-02-06 12:00:00,2.188571435354684,2.188571435354684,2025-02-07 12:00:00,2.194129935354684,TP,1,0.0121,3.78,6
AUDUSD,SHORT,2025-02-07 04:00:00,0.6292469945932527,0.6292469945932527,2025-02-07 12:00:00,0.6271839945932527,TP,1,0.0239,4.86,2
GBPCAD,LONG,2025-02-06 12:00:00,1.775865,1.775865,2025-02-07 08:00:00,1.780294,TP,1,0.0121,3.71,5
EURCHF,LONG,2025-02-06 08:00:00,0.9371285310765092,0.9371285310765092,2025-02-06 16:00:00,0.9389595310765091,TP,1,0.0145,2.89,2
GBPCHF,LONG,2025-02-06 12:00:00,1.121075,1.121075,2025-02-06 16:00:00,1.1241340000000002,TP,1,0.0121,4.06,1
USDNOK,LONG,2025-02-05 08:00:00,11.18317587980132,11.18317587980132,2025-02-06 04:00:00,11.243524879801319,TP,1,0.015,8.0,5
EURCHF,LONG,2025-02-04 04:00:00,0.9381927102269884,0.9381927102269884,2025-02-05 08:00:00,0.9405962102269884,TP,1,0.0146,3.84,7
NZDCAD,LONG,2025-02-04 12:00:00,0.807595,0.807595,2025-02-05 04:00:00,0.811003,TP,1,0.0267,6.27,4
GBPNZD,SHORT,2025-02-04 00:00:00,2.211099868123678,2.211099868123678,2025-02-05 04:00:00,2.204371868123678,TP,1,0.0121,4.56,7
GBPCHF,SHORT,2025-02-03 20:00:00,1.1332550000000001,1.1332550000000001,2025-02-04 04:00:00,1.13012,TP,1,0.012,4.1,2
AUDCHF,LONG,2025-02-03 16:00:00,0.5614633827077137,0.5614633827077137,2025-02-03 20:00:00,0.5637793827077137,TP,1,0.0243,6.1,1
NZDCHF,LONG,2025-02-03 16:00:00,0.5085825808669306,0.5085825808669306,2025-02-03 20:00:00,0.5105975808669306,TP,1,0.0268,5.86,1
USDNOK,SHORT,2025-02-03 16:00:00,11.430942317294386,11.430942317294386,2025-02-03 20:00:00,11.374401317294387,TP,1,0.015,7.43,1
EURCHF,LONG,2025-02-03 12:00:00,0.93908,0.93908,2025-02-03 20:00:00,0.9415205,TP,1,0.0146,3.87,2
GBPCAD,SHORT,2025-01-31 20:00:00,1.801455,1.8059186837744685,2025-02-03 20:00:00,1.7987281837744686,TP,2,0.0268,13.25,6
GBPNZD,SHORT,2025-02-03 04:00:00,2.21539,2.21539,2025-02-03 20:00:00,2.2092365000000003,TP,1,0.0122,4.19,4
GBPCHF,SHORT,2025-02-03 12:00:00,1.131255605113439,1.131255605113439,2025-02-03 16:00:00,1.128305105113439,TP,1,0.0121,3.88,1
AUDUSD,LONG,2025-02-03 12:00:00,0.616085,0.616085,2025-02-03 16:00:00,0.6191,TP,1,0.0243,7.27,1
NZDUSD,LONG,2025-02-03 12:00:00,0.5573750000000001,0.5573750000000001,2025-02-03 16:00:00,0.5601195,TP,1,0.0269,7.31,1
CADCHF,LONG,2025-02-03 12:00:00,0.6233032774610385,0.6233032774610385,2025-02-03 16:00:00,0.6261232774610386,TP,1,0.022,6.72,1
USDNOK,SHORT,2025-02-03 00:00:00,11.4587475,11.4587475,2025-02-03 12:00:00,11.406458,TP,1,0.015,6.82,3
CADCHF,LONG,2025-02-03 00:00:00,0.621015,0.621015,2025-02-03 08:00:00,0.623537,TP,1,0.0221,6.02,2
NZDUSD,LONG,2025-02-03 00:00:00,0.554095,0.554095,2025-02-03 08:00:00,0.556665,TP,1,0.0271,6.88,2
AUDCHF,LONG,2025-02-03 00:00:00,0.5601400000000001,0.5601400000000001,2025-02-03 08:00:00,0.5622090000000001,TP,1,0.0245,5.46,2
EURAUD,SHORT,2025-02-03 04:00:00,1.677116828728459,1.677116828728459,2025-02-03 08:00:00,1.6720013287284592,TP,1,0.0146,4.56,1
EURCHF,LONG,2025-02-03 00:00:00,0.93766,0.93766,2025-02-03 08:00:00,0.9397785,TP,1,0.0147,3.34,2
AUDUSD,LONG,2025-02-03 00:00:00,0.611615,0.611615,2025-02-03 08:00:00,0.614511,TP,1,0.0245,7.03,2
NZDCHF,LONG,2025-02-03 00:00:00,0.507445,0.507445,2025-02-03 08:00:00,0.5092155,TP,1,0.0271,5.14,2
AUDCAD,SHORT,2025-02-03 00:00:00,0.9047078284884632,0.9047078284884632,2025-02-03 04:00:00,0.9018593284884632,TP,1,0.0245,4.67,1
NZDCAD,SHORT,2025-01-31 16:00:00,0.818635087863796,0.818635087863796,2025-02-03 00:00:00,0.816394587863796,TP,1,0.0264,3.94,2
GBPNZD,SHORT,2025-01-27 00:00:00,2.19144,2.195269290272255,2025-02-03 00:00:00,2.2147832902722544,SL,2,0.0265,-28.74,30
GBPCHF,SHORT,2025-01-31 20:00:00,1.1302354185986718,1.1302354185986718,2025-02-03 00:00:00,1.1278579185986717,TP,1,0.0121,3.11,1
CADCHF,LONG,2025-01-31 16:00:00,0.6260857078819477,0.6260857078819477,2025-01-31 20:00:00,0.6280512078819478,TP,1,0.0216,4.59,1
NZDCHF,SHORT,2025-01-31 16:00:00,0.5156520770965327,0.5156520770965327,2025-01-31 20:00:00,0.5142575770965327,TP,1,0.0264,3.97,1
GBPCHF,SHORT,2025-01-29 16:00:00,1.128215,1.1302895310646766,2025-01-31 16:00:00,1.1280070310646766,TP,2,0.0266,6.6,12
GBPCAD,SHORT,2025-01-31 00:00:00,1.798535,1.798535,2025-01-31 08:00:00,1.7940105,TP,1,0.0121,3.74,2
AUDUSD,LONG,2025-01-30 20:00:00,0.6207053925722764,0.6207053925722764,2025-01-31 04:00:00,0.6228868925722764,TP,1,0.0242,5.2,2
EURAUD,SHORT,2025-01-28 04:00:00,1.669590042663002,1.6724531565197278,2025-01-31 04:00:00,1.6683881565197278,TP,2,0.0316,7.91,18
CADCHF,LONG,2025-01-30 20:00:00,0.6266941787622663,0.6266941787622663,2025-01-31 04:00:00,0.6285256787622664,TP,1,0.0217,4.31,2
AUDCAD,SHORT,2025-01-30 20:00:00,0.9033962341485156,0.9033962341485156,2025-01-31 00:00:00,0.9011002341485155,TP,1,0.0242,3.76,1
NZDCAD,SHORT,2025-01-30 20:00:00,0.8176472513765064,0.8176472513765064,2025-01-31 00:00:00,0.8156252513765063,TP,1,0.0266,3.64,1
GBPCAD,SHORT,2025-01-24 08:00:00,1.780155,1.7885816785096635,2025-01-30 20:00:00,1.8044126785096635,SL,3,0.0409,-44.82,27
EURCHF,SHORT,2025-01-30 12:00:00,0.94792,0.94792,2025-01-30 16:00:00,0.946246,TP,1,0.0143,2.6,1
AUDCHF,LONG,2025-01-29 00:00:00,0.5634800000000001,0.5634800000000001,2025-01-29 16:00:00,0.5649970000000001,TP,1,0.0241,3.95,4
AUDUSD,LONG,2025-01-29 12:00:00,0.6213029513236547,0.6213029513236547,2025-01-29 16:00:00,0.6233784513236547,TP,1,0.0241,4.94,1
GBPCHF,SHORT,2025-01-27 20:00:00,1.127285,1.127285,2025-01-28 16:00:00,1.1243495000000001,TP,1,0.012,3.86,5
AUDCAD,SHORT,2025-01-20 00:00:00,0.89732,0.9017531713846176,2025-01-28 04:00:00,0.9000823666349104,TP,3,0.0815,9.22,37
AUDUSD,SHORT,2025-01-21 16:00:00,0.6274334669311605,0.6294105971635776,2025-01-28 00:00:00,0.6273960971635776,TP,2,0.0524,10.4,26
CADCHF,LONG,2025-01-27 08:00:00,0.627435,0.6261533432430071,2025-01-28 00:00:00,0.6278773432430071,TP,2,0.0474,8.89,4
NZDUSD,SHORT,2025-01-21 16:00:00,0.5670110481893844,0.5688891760723209,2025-01-28 00:00:00,0.5671196760723209,TP,2,0.058,10.09,26
USDNOK,LONG,2025-01-27 12:00:00,11.222172500000001,11.222172500000001,2025-01-28 00:00:00,11.2567735,TP,1,0.015,4.55,3
NZDCAD,SHORT,2025-01-22 12:00:00,0.8142550000000001,0.8163069296028794,2025-01-28 00:00:00,0.8144359296028794,TP,2,0.058,7.36,21
AUDCHF,LONG,2025-01-27 12:00:00,0.5654797519905311,0.5654797519905311,2025-01-27 20:00:00,0.5669432519905311,TP,1,0.0238,3.8,2
EURAUD,SHORT,2025-01-27 12:00:00,1.6716799999999998,1.6716799999999998,2025-01-27 20:00:00,1.6679655,TP,1,0.0143,3.29,2
EURCHF,SHORT,2025-01-21 12:00:00,0.94358,0.9464486578519322,2025-01-27 12:00:00,0.9448086578519322,TP,3,0.0489,8.77,24
GBPCHF,SHORT,2025-01-24 04:00:00,1.122663666359551,1.124555452013234,2025-01-27 12:00:00,1.121932952013234,TP,2,0.0265,7.66,8
AUDCHF,SHORT,2025-01-23 16:00:00,0.5705399999999999,0.5705399999999999,2025-01-27 08:00:00,0.5692444999999999,TP,1,0.0238,3.35,10
USDNOK,LONG,2025-01-24 04:00:00,11.2231325,11.2231325,2025-01-27 08:00:00,11.2605515,TP,1,0.015,4.95,7
NZDCHF,SHORT,2025-01-23 16:00:00,0.5153392555597686,0.5163845031478128,2025-01-27 00:00:00,0.5151700031478128,TP,2,0.058,7.59,8
GBPNZD,LONG,2025-01-24 04:00:00,2.17148,2.17148,2025-01-24 08:00:00,2.1759785,TP,1,0.0121,3.07,1
EURAUD,LONG,2025-01-24 04:00:00,1.65259,1.65259,2025-01-24 08:00:00,1.6562474999999999,TP,1,0.0144,3.28,1
USDNOK,LONG,2025-01-22 08:00:00,11.258767517229034,11.258767517229034,2025-01-23 16:00:00,11.308234017229033,TP,1,0.015,6.55,8
GBPNZD,LONG,2025-01-23 04:00:00,2.1720644415811123,2.1720644415811123,2025-01-23 08:00:00,2.1769844415811126,TP,1,0.0122,3.35,1
NZDCAD,SHORT,2025-01-20 04:00:00,0.8107054931568806,0.8126831533214572,2025-01-22 04:00:00,0.8100031533214572,TP,2,0.0587,10.79,12
CADCHF,LONG,2025-01-21 00:00:00,0.629015,0.629015,2025-01-21 08:00:00,0.630984,TP,1,0.0217,4.62,2
GBPCAD,SHORT,2025-01-21 00:00:00,1.7733205792087086,1.7733205792087086,2025-01-21 08:00:00,1.7682485792087086,TP,1,0.0122,4.26,2
NZDUSD,SHORT,2025-01-21 04:00:00,0.5665444820726909,0.5665444820726909,2025-01-21 08:00:00,0.563642982072691,TP,1,0.0266,7.64,1
NZDUSD,SHORT,2025-01-20 12:00:00,0.565915,0.565915,2025-01-21 00:00:00,0.563238,TP,1,0.0265,7.02,3
USDNOK,LONG,2025-01-20 16:00:00,11.293340337173776,11.293340337173776,2025-01-21 00:00:00,11.338463337173774,TP,1,0.015,5.92,2
AUDUSD,SHORT,2025-01-20 20:00:00,0.627375,0.627375,2025-01-21 00:00:00,0.624499,TP,1,0.0239,6.8,1
EURCHF,SHORT,2025-01-20 20:00:00,0.94433,0.94433,2025-01-21 00:00:00,0.9426110000000001,TP,1,0.0144,2.68,1
NZDCHF,SHORT,2025-01-20 12:00:00,0.514265,0.514265,2025-01-21 00:00:00,0.512564,TP,1,0.0265,4.88,3
AUDUSD,SHORT,2025-01-20 12:00:00,0.626505,0.626505,2025-01-20 16:00:00,0.6236775,TP,1,0.0239,6.7,1
AUDCHF,SHORT,2025-01-20 12:00:00,0.56938,0.56938,2025-01-20 16:00:00,0.567512,TP,1,0.0239,4.85,1
EURCHF,SHORT,2025-01-20 12:00:00,0.9450299999999999,0.9450299999999999,2025-01-20 16:00:00,0.943411,TP,1,0.0144,2.53,1
CADCHF,LONG,2025-01-20 08:00:00,0.6309178078048485,0.6309178078048485,2025-01-20 12:00:00,0.6323388078048485,TP,1,0.0217,3.33,1
GBPCHF,LONG,2025-01-15 16:00:00,1.114680567748698,1.1121852951624587,2025-01-20 08:00:00,1.1150687951624587,TP,2,0.027,8.45,16
EURAUD,LONG,2025-01-15 16:00:00,1.6527563330799577,1.6527563330799577,2025-01-16 04:00:00,1.6570828330799576,TP,1,0.0146,3.87,3
AUDCHF,SHORT,2025-01-16 00:00:00,0.5687132931910854,0.5687132931910854,2025-01-16 04:00:00,0.5670017931910855,TP,1,0.0241,4.45,1
AUDUSD,SHORT,2025-01-15 12:00:00,0.624275,0.624275,2025-01-15 16:00:00,0.621783,TP,1,0.024,5.92,1
USDNOK,LONG,2025-01-15 12:00:00,11.296954773163355,11.296954773163355,2025-01-15 16:00:00,11.347636773163353,TP,1,0.015,6.66,1
NZDUSD,SHORT,2025-01-15 12:00:00,0.5645849999999999,0.5645849999999999,2025-01-15 16:00:00,0.5621904999999999,TP,1,0.0266,6.28,1
CADCHF,SHORT,2025-01-13 12:00:00,0.6361650000000001,0.6361650000000001,2025-01-15 12:00:00,0.6346525000000001,TP,1,0.0216,3.53,12
GBPCHF,LONG,2025-01-14 16:00:00,1.113925,1.113925,2025-01-15 12:00:00,1.117394,TP,1,0.0123,4.66,5
NZDCHF,SHORT,2025-01-14 00:00:00,0.513915,0.513915,2025-01-14 12:00:00,0.5125065,TP,1,0.0267,4.03,3
EURAUD,LONG,2025-01-14 08:00:00,1.6538116373220466,1.6538116373220466,2025-01-14 12:00:00,1.6577031373220465,TP,1,0.0146,3.47,1
AUDCAD,LONG,2025-01-13 04:00:00,0.8861699999999999,0.8861699999999999,2025-01-14 00:00:00,0.8883749999999999,TP,1,0.0244,3.67,5
AUDUSD,LONG,2025-01-10 12:00:00,0.615385,0.615385,2025-01-13 20:00:00,0.6174765,TP,1,0.0244,5.03,8
USDNOK,SHORT,2025-01-10 16:00:00,11.4545275,11.48891118181818,2025-01-13 20:00:00,11.44445768181818,TP,2,0.033,12.75,7
NZDCAD,LONG,2025-01-13 08:00:00,0.800245,0.800245,2025-01-13 20:00:00,0.8022940000000001,TP,1,0.0271,3.77,3
NZDUSD,LONG,2025-01-10 08:00:00,0.5577350000000001,0.5562500129789231,2025-01-13 20:00:00,0.5580895129789231,TP,2,0.0593,10.73,9
EURCHF,LONG,2025-01-13 08:00:00,0.93476,0.93476,2025-01-13 16:00:00,0.936549,TP,1,0.0147,2.82,2
GBPCHF,LONG,2025-01-08 12:00:00,1.124875,1.124875,2025-01-13 08:00:00,1.1108460000000002,SL,1,0.0121,-18.61,17
CADCHF,SHORT,2025-01-10 12:00:00,0.636355,0.636355,2025-01-13 08:00:00,0.634941,TP,1,0.0216,3.27,5
NZDCAD,LONG,2025-01-10 20:00:00,0.801095,0.801095,2025-01-13 04:00:00,0.8030735,TP,1,0.027,3.62,2
GBPCAD,LONG,2025-01-08 12:00:00,1.778705,1.778705,2025-01-13 04:00:00,1.757556,SL,1,0.0121,-17.82,16
AUDCAD,LONG,2025-01-10 20:00:00,0.88605,0.88605,2025-01-13 00:00:00,0.8883305,TP,1,0.0244,3.79,1
AUDCAD,LONG,2025-01-10 12:00:00,0.88632,0.88632,2025-01-10 16:00:00,0.8885575,TP,1,0.0244,3.71,1
NZDCAD,LONG,2025-01-10 12:00:00,0.800175,0.800175,2025-01-10 16:00:00,0.802258,TP,1,0.027,3.82,1
USDNOK,SHORT,2025-01-10 08:00:00,11.439338762844963,11.439338762844963,2025-01-10 12:00:00,11.403663762844964,TP,1,0.015,4.63,1
AUDCAD,LONG,2025-01-09 08:00:00,0.8892079295955542,0.8892079295955542,2025-01-09 12:00:00,0.8916429295955542,TP,1,0.0242,4.03,1
CADCHF,SHORT,2025-01-08 08:00:00,0.634911775938134,0.634911775938134,2025-01-08 12:00:00,0.633099275938134,TP,1,0.0215,4.23,1
